Lượt bán,Ratings,Số trang,Phân loại,Khoảng giá,Sort_Khoảng_Giá
10000,5.0,64.0,Sách Việt Nam,50-100K VNĐ,4
1900,0.0,263.0,Sách Việt Nam,100-200K VNĐ,3
2500,0.0,452.0,Sách Việt Nam,100-200K VNĐ,3
2900,4.4,244.0,Sách Việt Nam,100-200K VNĐ,3
190,0.0,324.0,Sách Việt Nam,100-200K VNĐ,3
258,0.0,152.0,Sách Việt Nam,50-100K VNĐ,4
102,0.0,300.0,Sách Việt Nam,100-200K VNĐ,3
3100,4.95,227.0,Sách Việt Nam,50-100K VNĐ,4
2900,4.95,444.0,Sách Việt Nam,100-200K VNĐ,3
1000,0.0,468.0,Sách Việt Nam,100-200K VNĐ,3
492,0.0,616.0,Sách Việt Nam,200-500K VNĐ,2
3600,0.0,208.0,Sách Việt Nam,50-100K VNĐ,4
87,0.0,272.0,Sách Việt Nam,100-200K VNĐ,3
937,0.0,324.0,Sách Việt Nam,50-100K VNĐ,4
1500,0.0,768.0,Sách Việt Nam,200-500K VNĐ,2
6100,0.0,96.0,Sách Việt Nam,50-100K VNĐ,4
413,0.0,472.0,Sách Việt Nam,100-200K VNĐ,3
1100,0.0,250.0,Sách Việt Nam,100-200K VNĐ,3
665,0.0,360.0,Sách Việt Nam,100-200K VNĐ,3
1100,5.0,216.0,Sách Việt Nam,100-200K VNĐ,3
2400,0.0,213.0,Sách Việt Nam,50-100K VNĐ,4
508,0.0,516.0,Sách Việt Nam,100-200K VNĐ,3
505,0.0,274.0,Sách Việt Nam,100-200K VNĐ,3
42,0.0,204.0,Sách Việt Nam,50-100K VNĐ,4
49,0.0,240.0,Sách Việt Nam,100-200K VNĐ,3
417,0.0,488.0,Sách Việt Nam,200-500K VNĐ,2
1700,0.0,168.0,Sách Việt Nam,50-100K VNĐ,4
316,0.0,64.0,Sách Việt Nam,50-100K VNĐ,4
23,0.0,256.0,Sách Việt Nam,100-200K VNĐ,3
1700,0.0,280.0,Sách Việt Nam,50-100K VNĐ,4
390,0.0,504.0,Sách Việt Nam,100-200K VNĐ,3
841,0.0,304.0,Sách Việt Nam,100-200K VNĐ,3
1400,0.0,376.0,Sách Việt Nam,100-200K VNĐ,3
1300,0.0,272.0,Sách Việt Nam,100-200K VNĐ,3
3600,0.0,104.0,Sách Việt Nam,50-100K VNĐ,4
987,4.85,358.0,Sách Việt Nam,100-200K VNĐ,3
112,0.0,336.0,Sách Việt Nam,100-200K VNĐ,3
670,0.0,460.0,Sách Việt Nam,100-200K VNĐ,3
777,5.0,264.0,Sách Việt Nam,100-200K VNĐ,3
373,0.0,604.0,Sách Việt Nam,200-500K VNĐ,2
173,0.0,480.0,Sách Việt Nam,200-500K VNĐ,2
211,0.0,408.0,Sách Việt Nam,100-200K VNĐ,3
327,0.0,352.0,Sách Việt Nam,100-200K VNĐ,3
72,0.0,122.0,Sách Việt Nam,100-200K VNĐ,3
1900,0.0,272.0,Sách Việt Nam,100-200K VNĐ,3
186,5.0,496.0,Sách Việt Nam,200-500K VNĐ,2
408,0.0,366.0,Sách Việt Nam,100-200K VNĐ,3
41,0.0,152.0,Sách Việt Nam,50-100K VNĐ,4
366,0.0,613.0,Sách Việt Nam,100-200K VNĐ,3
407,0.0,716.0,Sách Việt Nam,200-500K VNĐ,2
1500,4.0,344.0,Sách Việt Nam,100-200K VNĐ,3
1100,5.0,292.0,Sách Việt Nam,100-200K VNĐ,3
398,0.0,64.0,Sách Việt Nam,50-100K VNĐ,4
237,0.0,324.0,Sách Việt Nam,100-200K VNĐ,3
152,0.0,586.0,Sách Việt Nam,200-500K VNĐ,2
515,4.9,522.0,Sách Việt Nam,100-200K VNĐ,3
247,0.0,168.0,Sách Việt Nam,100-200K VNĐ,3
655,0.0,413.0,Sách Việt Nam,100-200K VNĐ,3
280,0.0,346.0,Sách Việt Nam,100-200K VNĐ,3
824,0.0,208.0,Sách Việt Nam,50-100K VNĐ,4
438,0.0,288.0,Sách Việt Nam,100-200K VNĐ,3
588,0.0,312.0,Sách Việt Nam,200-500K VNĐ,2
518,0.0,768.0,Sách Việt Nam,100-200K VNĐ,3
463,0.0,192.0,Sách Việt Nam,50-100K VNĐ,4
557,0.0,260.0,Sách Việt Nam,200-500K VNĐ,2
124,5.0,296.0,Sách Việt Nam,100-200K VNĐ,3
187,0.0,640.0,Sách Việt Nam,100-200K VNĐ,3
362,0.0,292.0,Sách Việt Nam,200-500K VNĐ,2
198,4.95,220.0,Sách Việt Nam,50-100K VNĐ,4
1500,0.0,232.0,Sách Việt Nam,100-200K VNĐ,3
384,0.0,264.0,Sách Việt Nam,100-200K VNĐ,3
591,0.0,296.0,Sách Việt Nam,50-100K VNĐ,4
865,0.0,216.0,Sách Việt Nam,50-100K VNĐ,4
514,0.0,438.0,Sách Việt Nam,100-200K VNĐ,3
204,0.0,348.0,Sách Việt Nam,50-100K VNĐ,4
330,4.75,359.0,Sách Việt Nam,100-200K VNĐ,3
815,0.0,64.0,Sách Việt Nam,50-100K VNĐ,4
605,5.0,544.0,Sách Việt Nam,100-200K VNĐ,3
653,0.0,492.0,Sách Việt Nam,100-200K VNĐ,3
388,4.45,220.0,Sách Việt Nam,100-200K VNĐ,3
128,0.0,652.0,Sách Việt Nam,100-200K VNĐ,3
446,0.0,316.0,Sách Việt Nam,100-200K VNĐ,3
154,0.0,476.0,Sách Việt Nam,200-500K VNĐ,2
957,0.0,228.0,Sách Việt Nam,50-100K VNĐ,4
284,0.0,350.0,Sách Việt Nam,100-200K VNĐ,3
205,0.0,528.0,Sách Việt Nam,100-200K VNĐ,3
217,0.0,316.0,Sách Việt Nam,100-200K VNĐ,3
242,0.0,763.0,Sách Việt Nam,200-500K VNĐ,2
382,0.0,192.0,Sách Việt Nam,50-100K VNĐ,4
196,0.0,316.0,Sách Việt Nam,50-100K VNĐ,4
157,0.0,316.0,Sách Việt Nam,50-100K VNĐ,4
181,0.0,571.0,Sách Việt Nam,200-500K VNĐ,2
215,0.0,530.0,Sách nước ngoài,100-200K VNĐ,3
576,0.0,332.0,Sách Việt Nam,100-200K VNĐ,3
164,5.0,320.0,Sách Việt Nam,50-100K VNĐ,4
10000,0.0,96.0,Sách Việt Nam,100-200K VNĐ,3
10000,5.0,364.0,Sách Việt Nam,50-100K VNĐ,4
1500,0.0,28.0,Sách Việt Nam,<50K VNĐ,5
2400,0.0,200.0,Sách nước ngoài,50-100K VNĐ,4
466,0.0,100.0,Sách Việt Nam,50-100K VNĐ,4
1400,0.0,48.0,Sách Việt Nam,<50K VNĐ,5
2400,4.8,272.0,Sách Việt Nam,50-100K VNĐ,4
2300,4.95,400.0,Sách Việt Nam,50-100K VNĐ,4
1200,0.0,24.0,Sách Việt Nam,<50K VNĐ,5
2100,4.55,400.0,Sách Việt Nam,50-100K VNĐ,4
1200,0.0,280.0,Sách Việt Nam,200-500K VNĐ,2
544,0.0,32.0,Sách Việt Nam,<50K VNĐ,5
716,0.0,24.0,Sách Việt Nam,<50K VNĐ,5
706,5.0,52.0,Sách Việt Nam,<50K VNĐ,5
476,0.0,20.0,Sách Việt Nam,200-500K VNĐ,2
685,3.0,220.0,Sách Việt Nam,100-200K VNĐ,3
564,0.0,24.0,Sách Việt Nam,<50K VNĐ,5
438,0.0,24.0,Sách Việt Nam,<50K VNĐ,5
588,0.0,84.0,Sách Việt Nam,<50K VNĐ,5
448,0.0,192.0,Sách Việt Nam,<50K VNĐ,5
286,0.0,52.0,Sách Việt Nam,<50K VNĐ,5
1100,0.0,112.0,Sách Việt Nam,<50K VNĐ,5
584,0.0,28.0,Sách Việt Nam,<50K VNĐ,5
412,0.0,28.0,Sách Việt Nam,<50K VNĐ,5
661,0.0,24.0,Sách Việt Nam,<50K VNĐ,5
192,5.0,32.0,Sách Việt Nam,100-200K VNĐ,3
217,0.0,32.0,Sách Việt Nam,<50K VNĐ,5
385,4.95,102.0,Sách Việt Nam,50-100K VNĐ,4
470,0.0,30.0,Sách Việt Nam,50-100K VNĐ,4
354,0.0,128.0,Sách Việt Nam,50-100K VNĐ,4
922,4.85,304.0,Sách Việt Nam,50-100K VNĐ,4
204,0.0,28.0,Sách Việt Nam,<50K VNĐ,5
1900,0.0,100.0,Sách nước ngoài,100-200K VNĐ,3
464,5.0,224.0,Sách Việt Nam,50-100K VNĐ,4
426,0.0,208.0,Sách Việt Nam,50-100K VNĐ,4
580,0.0,32.0,Sách Việt Nam,50-100K VNĐ,4
755,5.0,360.0,Sách Việt Nam,50-100K VNĐ,4
229,4.5,127.0,Sách Việt Nam,50-100K VNĐ,4
367,4.8,152.0,Sách Việt Nam,50-100K VNĐ,4
293,0.0,200.0,Sách Việt Nam,50-100K VNĐ,4
120,0.0,88.0,Sách Việt Nam,<50K VNĐ,5
102,0.0,36.0,Sách Việt Nam,<50K VNĐ,5
360,5.0,36.0,Sách Việt Nam,<50K VNĐ,5
481,5.0,144.0,Sách Việt Nam,100-200K VNĐ,3
192,0.0,24.0,Sách Việt Nam,<50K VNĐ,5
217,0.0,20.0,Sách Việt Nam,<50K VNĐ,5
174,5.0,32.0,Sách Việt Nam,100-200K VNĐ,3
379,0.0,88.0,Sách Việt Nam,<50K VNĐ,5
348,0.0,88.0,Sách Việt Nam,<50K VNĐ,5
166,0.0,152.0,Sách Việt Nam,<50K VNĐ,5
242,0.0,16.0,Sách Việt Nam,<50K VNĐ,5
396,0.0,52.0,Sách Việt Nam,50-100K VNĐ,4
145,0.0,32.0,Sách Việt Nam,<50K VNĐ,5
346,0.0,64.0,Sách Việt Nam,50-100K VNĐ,4
55,0.0,80.0,Sách Việt Nam,100-200K VNĐ,3
60,5.0,36.0,Sách Việt Nam,<50K VNĐ,5
154,0.0,24.0,Sách Việt Nam,<50K VNĐ,5
155,0.0,232.0,Sách Việt Nam,200-500K VNĐ,2
52,0.0,180.0,Sách Việt Nam,50-100K VNĐ,4
33,0.0,180.0,Sách Việt Nam,50-100K VNĐ,4
82,0.0,160.0,Sách Việt Nam,100-200K VNĐ,3
660,5.0,264.0,Sách Việt Nam,200-500K VNĐ,2
103,0.0,199.0,Sách Việt Nam,50-100K VNĐ,4
209,0.0,24.0,Sách Việt Nam,<50K VNĐ,5
106,0.0,142.0,Sách Việt Nam,50-100K VNĐ,4
69,0.0,10.0,Sách Việt Nam,200-500K VNĐ,2
57,0.0,10.0,Sách Việt Nam,100-200K VNĐ,3
143,0.0,16.0,Sách Việt Nam,<50K VNĐ,5
169,0.0,16.0,Sách Việt Nam,<50K VNĐ,5
24,0.0,22.0,Sách Việt Nam,100-200K VNĐ,3
189,0.0,176.0,Sách Việt Nam,50-100K VNĐ,4
85,0.0,36.0,Sách Việt Nam,50-100K VNĐ,4
144,0.0,172.0,Sách Việt Nam,50-100K VNĐ,4
210,0.0,272.0,Sách Việt Nam,50-100K VNĐ,4
288,0.0,284.0,Sách Việt Nam,100-200K VNĐ,3
285,5.0,188.0,Sách Việt Nam,50-100K VNĐ,4
259,0.0,128.0,Sách Việt Nam,50-100K VNĐ,4
53,0.0,47.0,Sách Việt Nam,50-100K VNĐ,4
53,0.0,192.0,Sách Việt Nam,50-100K VNĐ,4
157,1.0,128.0,Sách Việt Nam,50-100K VNĐ,4
17,0.0,12.0,Sách Việt Nam,100-200K VNĐ,3
192,0.0,224.0,Sách Việt Nam,50-100K VNĐ,4
315,0.0,32.0,Sách Việt Nam,<50K VNĐ,5
80,0.0,272.0,Sách Việt Nam,50-100K VNĐ,4
293,0.0,216.0,Sách Việt Nam,50-100K VNĐ,4
127,0.0,48.0,Sách Việt Nam,<50K VNĐ,5
235,0.0,159.0,Sách Việt Nam,<50K VNĐ,5
219,0.0,159.0,Sách Việt Nam,<50K VNĐ,5
221,0.0,30.0,Sách Việt Nam,<50K VNĐ,5
169,0.0,32.0,Sách Việt Nam,<50K VNĐ,5
178,0.0,465.0,Sách Việt Nam,100-200K VNĐ,3
223,0.0,195.0,Sách Việt Nam,100-200K VNĐ,3
113,0.0,314.0,Sách Việt Nam,100-200K VNĐ,3
143,0.0,640.0,Sách Việt Nam,200-500K VNĐ,2
96,0.0,200.0,Sách Việt Nam,<50K VNĐ,5
33,0.0,152.0,Sách Việt Nam,50-100K VNĐ,4
61,0.0,168.0,Sách Việt Nam,<50K VNĐ,5
297,0.0,608.0,Sách Việt Nam,100-200K VNĐ,3
1100,0.0,1.0,Sách Việt Nam,<50K VNĐ,5
24,0.0,160.0,Sách Việt Nam,50-100K VNĐ,4
979,0.0,31.0,Sách Việt Nam,<50K VNĐ,5
54,0.0,352.0,Sách Việt Nam,100-200K VNĐ,3
87,0.0,264.0,Sách Việt Nam,100-200K VNĐ,3
26,0.0,360.0,Sách Việt Nam,100-200K VNĐ,3
56,0.0,176.0,Sách Việt Nam,50-100K VNĐ,4
717,0.0,2.0,Sách Việt Nam,<50K VNĐ,5
50,0.0,295.0,Sách Việt Nam,100-200K VNĐ,3
31,0.0,200.0,Sách Việt Nam,100-200K VNĐ,3
34,0.0,300.0,Sách Việt Nam,100-200K VNĐ,3
243,4.0,224.0,Sách Việt Nam,100-200K VNĐ,3
14,0.0,288.0,Sách Việt Nam,200-500K VNĐ,2
13,0.0,180.0,Sách Việt Nam,100-200K VNĐ,3
13,0.0,1014.0,Sách Việt Nam,200-500K VNĐ,2
43,0.0,212.0,Sách Việt Nam,50-100K VNĐ,4
148,0.0,126.0,Sách Việt Nam,100-200K VNĐ,3
28,0.0,276.0,Sách Việt Nam,100-200K VNĐ,3
407,0.0,31.0,Sách Việt Nam,<50K VNĐ,5
82,0.0,272.0,Sách Việt Nam,100-200K VNĐ,3
1200,0.0,178.0,Sách Việt Nam,<50K VNĐ,5
35,0.0,216.0,Sách Việt Nam,50-100K VNĐ,4
815,0.0,31.0,Sách Việt Nam,<50K VNĐ,5
9,0.0,132.0,Sách Việt Nam,50-100K VNĐ,4
570,0.0,2.0,Sách Việt Nam,<50K VNĐ,5
7,0.0,152.0,Sách Việt Nam,50-100K VNĐ,4
45,0.0,86.0,Sách Việt Nam,<50K VNĐ,5
205,0.0,1.0,Sách nước ngoài,<50K VNĐ,5
31,0.0,123.0,Sách Việt Nam,50-100K VNĐ,4
19,0.0,188.0,Sách Việt Nam,100-200K VNĐ,3
37,0.0,180.0,Sách Việt Nam,100-200K VNĐ,3
263,0.0,222.0,Sách Việt Nam,100-200K VNĐ,3
98,5.0,94.0,Sách Việt Nam,50-100K VNĐ,4
195,0.0,31.0,Sách Việt Nam,<50K VNĐ,5
113,0.0,2.0,Sách Việt Nam,<50K VNĐ,5
171,0.0,432.0,Sách Việt Nam,100-200K VNĐ,3
79,0.0,196.0,Sách Việt Nam,50-100K VNĐ,4
4,0.0,244.0,Sách Việt Nam,100-200K VNĐ,3
64,0.0,160.0,Sách Việt Nam,50-100K VNĐ,4
69,0.0,260.0,Sách Việt Nam,100-200K VNĐ,3
6600,0.0,385.0,Sách Việt Nam,100-200K VNĐ,3
6300,0.0,344.0,Sách Việt Nam,100-200K VNĐ,3
500,0.0,240.0,Sách Việt Nam,100-200K VNĐ,3
122,0.0,240.0,Sách Việt Nam,100-200K VNĐ,3
8300,0.0,200.0,Sách Việt Nam,50-100K VNĐ,4
6200,0.0,242.0,Sách Việt Nam,100-200K VNĐ,3
5200,0.0,268.0,Sách Việt Nam,100-200K VNĐ,3
2400,0.0,404.0,Sách Việt Nam,100-200K VNĐ,3
3200,0.0,479.0,Sách Việt Nam,100-200K VNĐ,3
826,0.0,320.0,Sách Việt Nam,100-200K VNĐ,3
4900,0.0,208.0,Sách Việt Nam,100-200K VNĐ,3
1600,0.0,203.0,Sách Việt Nam,50-100K VNĐ,4
2100,0.0,328.0,Sách Việt Nam,100-200K VNĐ,3
57,0.0,300.0,Sách Việt Nam,200-500K VNĐ,2
2300,0.0,552.0,Sách Việt Nam,200-500K VNĐ,2
2700,0.0,332.0,Sách Việt Nam,100-200K VNĐ,3
1400,5.0,320.0,Sách Việt Nam,50-100K VNĐ,4
1100,4.85,419.0,Sách Việt Nam,100-200K VNĐ,3
1100,0.0,224.0,Sách Việt Nam,50-100K VNĐ,4
741,0.0,351.0,Sách Việt Nam,100-200K VNĐ,3
871,0.0,176.0,Sách Việt Nam,50-100K VNĐ,4
152,0.0,280.0,Sách Việt Nam,200-500K VNĐ,2
1800,0.0,403.0,Sách Việt Nam,100-200K VNĐ,3
1600,4.65,414.0,Sách Việt Nam,100-200K VNĐ,3
1300,0.0,280.0,Sách Việt Nam,100-200K VNĐ,3
1100,4.65,352.0,Sách Việt Nam,100-200K VNĐ,3
1300,0.0,335.0,Sách Việt Nam,100-200K VNĐ,3
555,0.0,190.0,Sách Việt Nam,100-200K VNĐ,3
991,0.0,304.0,Sách Việt Nam,100-200K VNĐ,3
343,0.0,479.0,Sách Việt Nam,100-200K VNĐ,3
31,0.0,300.0,Sách Việt Nam,100-200K VNĐ,3
2000,0.0,531.0,Sách Việt Nam,200-500K VNĐ,2
2500,5.0,304.0,Sách Việt Nam,100-200K VNĐ,3
395,0.0,400.0,Sách Việt Nam,200-500K VNĐ,2
692,0.0,370.0,Sách Việt Nam,100-200K VNĐ,3
1800,4.7,295.0,Sách Việt Nam,100-200K VNĐ,3
1000,0.0,260.0,Sách Việt Nam,200-500K VNĐ,2
663,0.0,208.0,Sách Việt Nam,100-200K VNĐ,3
609,0.0,274.0,Sách Việt Nam,100-200K VNĐ,3
661,0.0,284.0,Sách Việt Nam,100-200K VNĐ,3
844,5.0,255.0,Sách Việt Nam,200-500K VNĐ,2
880,4.2,416.0,Sách Việt Nam,200-500K VNĐ,2
585,0.0,260.0,Sách Việt Nam,200-500K VNĐ,2
613,0.0,204.0,Sách Việt Nam,50-100K VNĐ,4
349,0.0,268.0,Sách Việt Nam,50-100K VNĐ,4
1100,4.4,892.0,Sách Việt Nam,200-500K VNĐ,2
486,0.0,444.0,Sách Việt Nam,100-200K VNĐ,3
357,0.0,200.0,Sách Việt Nam,100-200K VNĐ,3
315,0.0,333.0,Sách Việt Nam,100-200K VNĐ,3
763,0.0,382.0,Sách Việt Nam,100-200K VNĐ,3
849,0.0,336.0,Sách Việt Nam,100-200K VNĐ,3
70,0.0,296.0,Sách Việt Nam,100-200K VNĐ,3
999,5.0,612.0,Sách Việt Nam,200-500K VNĐ,2
624,0.0,240.0,Sách Việt Nam,50-100K VNĐ,4
977,0.0,320.0,Sách Việt Nam,100-200K VNĐ,3
429,0.0,230.0,Sách Việt Nam,100-200K VNĐ,3
890,0.0,248.0,Sách Việt Nam,100-200K VNĐ,3
45,0.0,256.0,Sách Việt Nam,50-100K VNĐ,4
618,0.0,279.0,Sách Việt Nam,50-100K VNĐ,4
597,0.0,311.0,Sách Việt Nam,100-200K VNĐ,3
151,0.0,420.0,Sách Việt Nam,100-200K VNĐ,3
976,0.0,344.0,Sách Việt Nam,100-200K VNĐ,3
815,0.0,178.0,Sách Việt Nam,<50K VNĐ,5
139,0.0,308.0,Sách Việt Nam,100-200K VNĐ,3
140,0.0,240.0,Sách Việt Nam,100-200K VNĐ,3
277,0.0,272.0,Sách Việt Nam,100-200K VNĐ,3
83,0.0,424.0,Sách Việt Nam,100-200K VNĐ,3
181,0.0,436.0,Sách Việt Nam,100-200K VNĐ,3
286,0.0,288.0,Sách Việt Nam,50-100K VNĐ,4
378,0.0,328.0,Sách Việt Nam,100-200K VNĐ,3
874,0.0,299.0,Sách Việt Nam,100-200K VNĐ,3
238,0.0,522.0,Sách Việt Nam,200-500K VNĐ,2
440,0.0,160.0,Sách Việt Nam,<50K VNĐ,5
754,5.0,368.0,Sách Việt Nam,100-200K VNĐ,3
111,0.0,334.0,Sách Việt Nam,100-200K VNĐ,3
205,0.0,232.0,Sách Việt Nam,50-100K VNĐ,4
694,0.0,223.0,Sách Việt Nam,50-100K VNĐ,4
222,0.0,255.0,Sách Việt Nam,100-200K VNĐ,3
161,0.0,296.0,Sách Việt Nam,100-200K VNĐ,3
186,0.0,236.0,Sách Việt Nam,100-200K VNĐ,3
57,0.0,468.0,Sách Việt Nam,100-200K VNĐ,3
307,0.0,272.0,Sách Việt Nam,100-200K VNĐ,3
148,0.0,196.0,Sách Việt Nam,100-200K VNĐ,3
669,5.0,291.0,Sách Việt Nam,50-100K VNĐ,4
584,0.0,296.0,Sách Việt Nam,100-200K VNĐ,3
108,0.0,396.0,Sách Việt Nam,100-200K VNĐ,3
274,0.0,484.0,Sách Việt Nam,100-200K VNĐ,3
111,0.0,320.0,Sách Việt Nam,100-200K VNĐ,3
546,0.0,216.0,Sách Việt Nam,50-100K VNĐ,4
617,0.0,360.0,Sách Việt Nam,50-100K VNĐ,4
180,0.0,408.0,Sách Việt Nam,100-200K VNĐ,3
180,0.0,344.0,Sách Việt Nam,100-200K VNĐ,3
400,0.0,368.0,Sách Việt Nam,100-200K VNĐ,3
28,0.0,344.0,Sách Việt Nam,200-500K VNĐ,2
67,0.0,206.0,Sách Việt Nam,100-200K VNĐ,3
225,0.0,172.0,Sách Việt Nam,100-200K VNĐ,3
716,0.0,280.0,Sách Việt Nam,100-200K VNĐ,3
353,0.0,192.0,Sách Việt Nam,<50K VNĐ,5
708,0.0,128.0,Sách Việt Nam,<50K VNĐ,5
298,0.0,208.0,Sách Việt Nam,<50K VNĐ,5
262,0.0,120.0,Sách Việt Nam,50-100K VNĐ,4
419,0.0,180.0,Sách Việt Nam,<50K VNĐ,5
217,0.0,200.0,Sách Việt Nam,50-100K VNĐ,4
706,0.0,192.0,Sách Việt Nam,<50K VNĐ,5
196,0.0,196.0,Sách Việt Nam,<50K VNĐ,5
394,0.0,96.0,Sách Việt Nam,100-200K VNĐ,3
1200,0.0,202.0,Sách Việt Nam,<50K VNĐ,5
161,0.0,192.0,Sách Việt Nam,<50K VNĐ,5
165,0.0,192.0,Sách Việt Nam,<50K VNĐ,5
152,0.0,197.0,Sách Việt Nam,<50K VNĐ,5
168,0.0,160.0,Sách Việt Nam,<50K VNĐ,5
116,0.0,190.0,Sách Việt Nam,<50K VNĐ,5
286,0.0,160.0,Sách Việt Nam,<50K VNĐ,5
836,0.0,192.0,Sách Việt Nam,<50K VNĐ,5
166,0.0,240.0,Sách Việt Nam,<50K VNĐ,5
555,0.0,216.0,Sách Việt Nam,<50K VNĐ,5
677,0.0,192.0,Sách Việt Nam,<50K VNĐ,5
557,0.0,156.0,Sách Việt Nam,50-100K VNĐ,4
216,0.0,182.0,Sách Việt Nam,<50K VNĐ,5
92,0.0,238.0,Sách Việt Nam,50-100K VNĐ,4
210,0.0,376.0,Sách Việt Nam,50-100K VNĐ,4
127,0.0,192.0,Sách Việt Nam,<50K VNĐ,5
122,0.0,184.0,Sách Việt Nam,<50K VNĐ,5
116,0.0,220.0,Sách Việt Nam,<50K VNĐ,5
361,0.0,196.0,Sách Việt Nam,<50K VNĐ,5
162,0.0,184.0,Sách Việt Nam,<50K VNĐ,5
104,0.0,190.0,Sách Việt Nam,<50K VNĐ,5
98,0.0,200.0,Sách Việt Nam,<50K VNĐ,5
74,0.0,197.0,Sách Việt Nam,<50K VNĐ,5
68,0.0,182.0,Sách Việt Nam,<50K VNĐ,5
947,0.0,192.0,Sách Việt Nam,<50K VNĐ,5
1300,0.0,192.0,Sách Việt Nam,<50K VNĐ,5
82,0.0,194.0,Sách Việt Nam,<50K VNĐ,5
203,0.0,192.0,Sách Việt Nam,<50K VNĐ,5
1500,0.0,180.0,Sách Việt Nam,<50K VNĐ,5
61,0.0,244.0,Sách Việt Nam,50-100K VNĐ,4
61,0.0,144.0,Sách Việt Nam,<50K VNĐ,5
313,0.0,194.0,Sách Việt Nam,<50K VNĐ,5
55,0.0,192.0,Sách Việt Nam,<50K VNĐ,5
258,0.0,240.0,Sách Việt Nam,<50K VNĐ,5
329,0.0,228.0,Sách Việt Nam,<50K VNĐ,5
848,0.0,212.0,Sách Việt Nam,<50K VNĐ,5
2600,0.0,180.0,Sách Việt Nam,<50K VNĐ,5
49,0.0,184.0,Sách Việt Nam,<50K VNĐ,5
696,0.0,208.0,Sách Việt Nam,<50K VNĐ,5
885,0.0,192.0,Sách Việt Nam,<50K VNĐ,5
48,0.0,180.0,Sách Việt Nam,<50K VNĐ,5
423,0.0,152.0,Sách Việt Nam,<50K VNĐ,5
1200,0.0,600.0,Sách Việt Nam,100-200K VNĐ,3
597,0.0,176.0,Sách Việt Nam,<50K VNĐ,5
78,0.0,576.0,Sách Việt Nam,100-200K VNĐ,3
70,0.0,144.0,Sách Việt Nam,<50K VNĐ,5
680,0.0,192.0,Sách Việt Nam,50-100K VNĐ,4
1300,0.0,200.0,Sách Việt Nam,<50K VNĐ,5
100,0.0,184.0,Sách Việt Nam,<50K VNĐ,5
599,0.0,176.0,Sách Việt Nam,50-100K VNĐ,4
71,0.0,164.0,Sách Việt Nam,<50K VNĐ,5
140,0.0,192.0,Sách Việt Nam,50-100K VNĐ,4
837,0.0,208.0,Sách Việt Nam,<50K VNĐ,5
202,0.0,184.0,Sách Việt Nam,<50K VNĐ,5
350,0.0,210.0,Sách Việt Nam,50-100K VNĐ,4
312,0.0,186.0,Sách Việt Nam,<50K VNĐ,5
59,0.0,194.0,Sách Việt Nam,<50K VNĐ,5
1200,0.0,192.0,Sách Việt Nam,<50K VNĐ,5
65,0.0,144.0,Sách Việt Nam,<50K VNĐ,5
36,0.0,128.0,Sách Việt Nam,100-200K VNĐ,3
1600,0.0,202.0,Sách Việt Nam,<50K VNĐ,5
284,0.0,200.0,Sách Việt Nam,<50K VNĐ,5
964,0.0,192.0,Sách Việt Nam,<50K VNĐ,5
52,0.0,192.0,Sách Việt Nam,<50K VNĐ,5
170,0.0,224.0,Sách Việt Nam,50-100K VNĐ,4
286,0.0,144.0,Sách Việt Nam,<50K VNĐ,5
891,0.0,172.0,Sách Việt Nam,<50K VNĐ,5
3000,0.0,180.0,Sách Việt Nam,<50K VNĐ,5
831,0.0,180.0,Sách Việt Nam,50-100K VNĐ,4
771,0.0,280.0,Sách Việt Nam,50-100K VNĐ,4
459,0.0,280.0,Sách Việt Nam,50-100K VNĐ,4
1800,0.0,192.0,Sách Việt Nam,<50K VNĐ,5
397,0.0,120.0,Sách Việt Nam,<50K VNĐ,5
77,0.0,144.0,Sách Việt Nam,<50K VNĐ,5
415,0.0,188.0,Sách Việt Nam,<50K VNĐ,5
62,0.0,204.0,Sách Việt Nam,<50K VNĐ,5
31,0.0,196.0,Sách Việt Nam,<50K VNĐ,5
794,0.0,208.0,Sách Việt Nam,<50K VNĐ,5
847,0.0,164.0,Sách Việt Nam,50-100K VNĐ,4
2300,0.0,192.0,Sách Việt Nam,<50K VNĐ,5
514,0.0,144.0,Sách Việt Nam,<50K VNĐ,5
118,0.0,224.0,Sách Việt Nam,<50K VNĐ,5
835,0.0,192.0,Sách Việt Nam,<50K VNĐ,5
1400,0.0,192.0,Sách Việt Nam,<50K VNĐ,5
291,0.0,160.0,Sách Việt Nam,<50K VNĐ,5
72,0.0,144.0,Sách Việt Nam,<50K VNĐ,5
473,0.0,160.0,Sách Việt Nam,<50K VNĐ,5
399,0.0,160.0,Sách Việt Nam,100-200K VNĐ,3
8000,0.0,141.0,Sách Việt Nam,100-200K VNĐ,3
7400,0.0,136.0,Sách Việt Nam,100-200K VNĐ,3
7300,0.0,280.0,Sách Việt Nam,200-500K VNĐ,2
2300,0.0,68.0,Sách Việt Nam,100-200K VNĐ,3
3100,0.0,142.0,Sách nước ngoài,100-200K VNĐ,3
1600,0.0,52.0,Sách Việt Nam,50-100K VNĐ,4
1900,0.0,150.0,Sách Việt Nam,200-500K VNĐ,2
2400,0.0,208.0,Sách Việt Nam,200-500K VNĐ,2
2600,0.0,168.0,Sách Việt Nam,100-200K VNĐ,3
1600,0.0,1.0,Sách Việt Nam,<50K VNĐ,5
1800,0.0,165.0,Sách Việt Nam,100-200K VNĐ,3
1200,0.0,163.0,Sách Việt Nam,200-500K VNĐ,2
1400,0.0,110.0,Sách Việt Nam,100-200K VNĐ,3
8700,0.0,200.0,Sách Việt Nam,100-200K VNĐ,3
1000,0.0,144.0,Sách Việt Nam,100-200K VNĐ,3
633,0.0,52.0,Sách Việt Nam,50-100K VNĐ,4
1100,4.45,260.0,Sách nước ngoài,50-100K VNĐ,4
373,0.0,248.0,Sách Việt Nam,100-200K VNĐ,3
795,0.0,123.0,Sách Việt Nam,100-200K VNĐ,3
710,0.0,356.0,Sách Việt Nam,200-500K VNĐ,2
189,0.0,246.0,Sách Việt Nam,100-200K VNĐ,3
528,0.0,195.0,Sách Việt Nam,200-500K VNĐ,2
358,0.0,75.0,Sách Việt Nam,100-200K VNĐ,3
1500,0.0,560.0,Sách Việt Nam,200-500K VNĐ,2
197,0.0,196.0,Sách Việt Nam,200-500K VNĐ,2
319,0.0,480.0,Sách Việt Nam,50-100K VNĐ,4
519,0.0,187.0,Sách Việt Nam,200-500K VNĐ,2
70,0.0,144.0,Sách nước ngoài,200-500K VNĐ,2
273,0.0,52.0,Sách Việt Nam,50-100K VNĐ,4
250,0.0,250.0,Sách Việt Nam,200-500K VNĐ,2
135,0.0,248.0,Sách Việt Nam,100-200K VNĐ,3
32,0.0,305.0,Sách Việt Nam,200-500K VNĐ,2
341,0.0,244.0,Sách Việt Nam,200-500K VNĐ,2
16,0.0,481.0,Sách Việt Nam,200-500K VNĐ,2
124,0.0,320.0,Sách Việt Nam,100-200K VNĐ,3
209,0.0,178.0,Sách Việt Nam,100-200K VNĐ,3
78,0.0,244.0,Sách Việt Nam,100-200K VNĐ,3
56,0.0,196.0,Sách Việt Nam,100-200K VNĐ,3
480,0.0,140.0,Sách Việt Nam,100-200K VNĐ,3
494,0.0,258.0,Sách Việt Nam,100-200K VNĐ,3
327,4.5,436.0,Sách Việt Nam,200-500K VNĐ,2
301,0.0,155.0,Sách Việt Nam,100-200K VNĐ,3
291,0.0,96.0,Sách Việt Nam,50-100K VNĐ,4
195,0.0,178.0,Sách Việt Nam,100-200K VNĐ,3
565,0.0,144.0,Sách nước ngoài,200-500K VNĐ,2
224,0.0,535.0,Sách Việt Nam,200-500K VNĐ,2
458,4.25,292.0,Sách Việt Nam,100-200K VNĐ,3
119,0.0,74.0,Sách Việt Nam,100-200K VNĐ,3
6,0.0,1148.0,Sách Việt Nam,>500K VNĐ,1
57,0.0,142.0,Sách Việt Nam,100-200K VNĐ,3
153,0.0,328.0,Sách Việt Nam,100-200K VNĐ,3
164,0.0,2.0,Sách nước ngoài,<50K VNĐ,5
89,0.0,86.0,Sách Việt Nam,100-200K VNĐ,3
131,0.0,651.0,Sách nước ngoài,200-500K VNĐ,2
56,0.0,98.0,Sách Việt Nam,<50K VNĐ,5
97,0.0,368.0,Sách Việt Nam,200-500K VNĐ,2
224,0.0,246.0,Sách Việt Nam,100-200K VNĐ,3
278,0.0,264.0,Sách Việt Nam,100-200K VNĐ,3
1100,0.0,264.0,Sách Việt Nam,100-200K VNĐ,3
109,0.0,256.0,Sách Việt Nam,200-500K VNĐ,2
18,0.0,238.0,Sách Việt Nam,100-200K VNĐ,3
425,0.0,204.0,Sách Việt Nam,100-200K VNĐ,3
106,5.0,141.0,Sách Việt Nam,100-200K VNĐ,3
27,0.0,356.0,Sách Việt Nam,100-200K VNĐ,3
566,0.0,157.0,Sách Việt Nam,100-200K VNĐ,3
133,0.0,227.0,Sách Việt Nam,100-200K VNĐ,3
73,0.0,214.0,Sách Việt Nam,100-200K VNĐ,3
82,0.0,351.0,Sách Việt Nam,200-500K VNĐ,2
15,0.0,148.0,Sách nước ngoài,100-200K VNĐ,3
75,0.0,448.0,Sách Việt Nam,200-500K VNĐ,2
165,0.0,142.0,Sách Việt Nam,100-200K VNĐ,3
352,0.0,158.0,Sách Việt Nam,50-100K VNĐ,4
309,0.0,280.0,Sách Việt Nam,50-100K VNĐ,4
139,0.0,68.0,Sách Việt Nam,50-100K VNĐ,4
17,0.0,130.0,Sách nước ngoài,100-200K VNĐ,3
93,0.0,80.0,Sách Việt Nam,<50K VNĐ,5
58,0.0,144.0,Sách Việt Nam,100-200K VNĐ,3
111,0.0,52.0,Sách Việt Nam,50-100K VNĐ,4
51,0.0,204.0,Sách Việt Nam,<50K VNĐ,5
141,0.0,184.0,Sách Việt Nam,200-500K VNĐ,2
995,5.0,484.0,Sách Việt Nam,100-200K VNĐ,3
1600,0.0,268.0,Sách Việt Nam,100-200K VNĐ,3
236,0.0,296.0,Sách Việt Nam,100-200K VNĐ,3
738,4.75,400.0,Sách Việt Nam,100-200K VNĐ,3
208,0.0,892.0,Sách Việt Nam,200-500K VNĐ,2
2000,0.0,207.0,Sách Việt Nam,100-200K VNĐ,3
1700,4.5,504.0,Sách Việt Nam,100-200K VNĐ,3
763,5.0,287.0,Sách Việt Nam,100-200K VNĐ,3
1100,5.0,532.0,Sách Việt Nam,100-200K VNĐ,3
984,4.8,214.0,Sách Việt Nam,50-100K VNĐ,4
306,0.0,212.0,Sách Việt Nam,100-200K VNĐ,3
511,0.0,208.0,Sách Việt Nam,50-100K VNĐ,4
515,5.0,644.0,Sách Việt Nam,100-200K VNĐ,3
356,0.0,292.0,Sách Việt Nam,100-200K VNĐ,3
385,5.0,296.0,Sách Việt Nam,100-200K VNĐ,3
35,0.0,460.0,Sách Việt Nam,200-500K VNĐ,2
188,0.0,432.0,Sách Việt Nam,200-500K VNĐ,2
464,0.0,264.0,Sách Việt Nam,50-100K VNĐ,4
327,0.0,272.0,Sách Việt Nam,100-200K VNĐ,3
326,0.0,358.0,Sách Việt Nam,100-200K VNĐ,3
110,0.0,296.0,Sách Việt Nam,100-200K VNĐ,3
553,0.0,396.0,Sách Việt Nam,200-500K VNĐ,2
231,0.0,336.0,Sách Việt Nam,100-200K VNĐ,3
194,0.0,186.0,Sách Việt Nam,50-100K VNĐ,4
557,0.0,235.0,Sách Việt Nam,100-200K VNĐ,3
497,0.0,632.0,Sách Việt Nam,100-200K VNĐ,3
220,0.0,591.0,Sách Việt Nam,200-500K VNĐ,2
507,5.0,260.0,Sách Việt Nam,100-200K VNĐ,3
179,0.0,248.0,Sách nước ngoài,100-200K VNĐ,3
257,0.0,328.0,Sách Việt Nam,100-200K VNĐ,3
92,0.0,486.0,Sách Việt Nam,200-500K VNĐ,2
265,0.0,416.0,Sách Việt Nam,100-200K VNĐ,3
11,0.0,408.0,Sách Việt Nam,200-500K VNĐ,2
389,0.0,612.0,Sách Việt Nam,100-200K VNĐ,3
398,0.0,684.0,Sách Việt Nam,100-200K VNĐ,3
50,0.0,220.0,Sách Việt Nam,100-200K VNĐ,3
384,0.0,608.0,Sách Việt Nam,100-200K VNĐ,3
361,0.0,545.0,Sách Việt Nam,200-500K VNĐ,2
70,0.0,302.0,Sách Việt Nam,100-200K VNĐ,3
108,0.0,436.0,Sách Việt Nam,200-500K VNĐ,2
147,0.0,356.0,Sách Việt Nam,100-200K VNĐ,3
23,0.0,320.0,Sách Việt Nam,100-200K VNĐ,3
621,4.35,495.0,Sách Việt Nam,100-200K VNĐ,3
88,0.0,436.0,Sách Việt Nam,100-200K VNĐ,3
36,0.0,344.0,Sách Việt Nam,100-200K VNĐ,3
26,0.0,388.0,Sách Việt Nam,200-500K VNĐ,2
137,0.0,332.0,Sách Việt Nam,100-200K VNĐ,3
118,4.7,477.0,Sách Việt Nam,100-200K VNĐ,3
144,0.0,375.0,Sách Việt Nam,100-200K VNĐ,3
295,0.0,528.0,Sách Việt Nam,200-500K VNĐ,2
344,4.8,310.0,Sách Việt Nam,100-200K VNĐ,3
98,0.0,184.0,Sách Việt Nam,50-100K VNĐ,4
83,0.0,345.0,Sách Việt Nam,100-200K VNĐ,3
135,0.0,411.0,Sách Việt Nam,200-500K VNĐ,2
133,0.0,240.0,Sách Việt Nam,100-200K VNĐ,3
385,0.0,544.0,Sách Việt Nam,100-200K VNĐ,3
108,0.0,228.0,Sách Việt Nam,50-100K VNĐ,4
136,0.0,184.0,Sách Việt Nam,50-100K VNĐ,4
81,0.0,204.0,Sách Việt Nam,200-500K VNĐ,2
57,0.0,160.0,Sách Việt Nam,50-100K VNĐ,4
186,0.0,196.0,Sách Việt Nam,50-100K VNĐ,4
31,5.0,582.0,Sách Việt Nam,100-200K VNĐ,3
550,0.0,480.0,Sách Việt Nam,200-500K VNĐ,2
13,0.0,258.0,Sách Việt Nam,200-500K VNĐ,2
84,0.0,273.0,Sách Việt Nam,100-200K VNĐ,3
170,0.0,262.0,Sách Việt Nam,50-100K VNĐ,4
48,0.0,308.0,Sách Việt Nam,100-200K VNĐ,3
71,0.0,296.0,Sách Việt Nam,100-200K VNĐ,3
25,0.0,432.0,Sách Việt Nam,200-500K VNĐ,2
158,0.0,303.0,Sách Việt Nam,100-200K VNĐ,3
18,0.0,516.0,Sách Việt Nam,200-500K VNĐ,2
50,0.0,616.0,Sách Việt Nam,200-500K VNĐ,2
51,0.0,256.0,Sách Việt Nam,100-200K VNĐ,3
71,0.0,616.0,Sách Việt Nam,200-500K VNĐ,2
32,0.0,256.0,Sách Việt Nam,200-500K VNĐ,2
148,0.0,231.0,Sách Việt Nam,100-200K VNĐ,3
69,2.0,405.0,Sách Việt Nam,100-200K VNĐ,3
25,0.0,300.0,Sách Việt Nam,100-200K VNĐ,3
55,0.0,360.0,Sách Việt Nam,100-200K VNĐ,3
151,4.9,628.0,Sách Việt Nam,200-500K VNĐ,2
173,0.0,300.0,Sách Việt Nam,100-200K VNĐ,3
24,0.0,492.0,Sách Việt Nam,200-500K VNĐ,2
64,0.0,452.0,Sách Việt Nam,100-200K VNĐ,3
27,0.0,288.0,Sách Việt Nam,200-500K VNĐ,2
35,4.6,291.0,Sách Việt Nam,100-200K VNĐ,3
11,0.0,268.0,Sách Việt Nam,100-200K VNĐ,3
10000,5.0,328.0,Sách Việt Nam,100-200K VNĐ,3
1700,0.0,142.0,Sách Việt Nam,50-100K VNĐ,4
1100,0.0,660.0,Sách Việt Nam,>500K VNĐ,1
3300,0.0,224.0,Sách Việt Nam,100-200K VNĐ,3
239,0.0,330.0,Sách Việt Nam,200-500K VNĐ,2
1700,0.0,432.0,Sách Việt Nam,100-200K VNĐ,3
2700,5.0,481.0,Sách Việt Nam,50-100K VNĐ,4
721,0.0,256.0,Sách Việt Nam,100-200K VNĐ,3
876,0.0,566.0,Sách Việt Nam,200-500K VNĐ,2
766,0.0,715.0,Sách Việt Nam,200-500K VNĐ,2
1200,0.0,672.0,Sách Việt Nam,100-200K VNĐ,3
642,0.0,417.0,Sách Việt Nam,100-200K VNĐ,3
1000,0.0,620.0,Sách Việt Nam,100-200K VNĐ,3
2300,0.0,552.0,Sách Việt Nam,200-500K VNĐ,2
964,5.0,464.0,Sách Việt Nam,200-500K VNĐ,2
1200,4.8,408.0,Sách Việt Nam,100-200K VNĐ,3
1400,0.0,544.0,Sách Việt Nam,100-200K VNĐ,3
698,5.0,432.0,Sách Việt Nam,200-500K VNĐ,2
246,5.0,279.0,Sách Việt Nam,100-200K VNĐ,3
487,0.0,224.0,Sách Việt Nam,200-500K VNĐ,2
223,0.0,760.0,Sách Việt Nam,200-500K VNĐ,2
490,0.0,187.0,Sách Việt Nam,50-100K VNĐ,4
28,0.0,276.0,Sách Việt Nam,100-200K VNĐ,3
217,0.0,232.0,Sách Việt Nam,100-200K VNĐ,3
11,0.0,444.0,Sách Việt Nam,100-200K VNĐ,3
199,5.0,360.0,Sách Việt Nam,50-100K VNĐ,4
131,0.0,392.0,Sách Việt Nam,100-200K VNĐ,3
129,0.0,408.0,Sách Việt Nam,100-200K VNĐ,3
358,0.0,416.0,Sách Việt Nam,200-500K VNĐ,2
245,0.0,352.0,Sách Việt Nam,200-500K VNĐ,2
262,0.0,144.0,Sách Việt Nam,50-100K VNĐ,4
115,0.0,584.0,Sách Việt Nam,100-200K VNĐ,3
100,0.0,640.0,Sách Việt Nam,200-500K VNĐ,2
64,0.0,1669.0,Sách Việt Nam,>500K VNĐ,1
244,0.0,1284.0,Sách Việt Nam,200-500K VNĐ,2
118,0.0,276.0,Sách Việt Nam,100-200K VNĐ,3
131,0.0,212.0,Sách Việt Nam,50-100K VNĐ,4
91,0.0,226.0,Sách Việt Nam,100-200K VNĐ,3
155,0.0,406.0,Sách Việt Nam,200-500K VNĐ,2
80,4.8,720.0,Sách Việt Nam,200-500K VNĐ,2
70,0.0,596.0,Sách Việt Nam,200-500K VNĐ,2
24,0.0,388.0,Sách Việt Nam,200-500K VNĐ,2
75,0.0,182.0,Sách Việt Nam,100-200K VNĐ,3
199,0.0,660.0,Sách Việt Nam,200-500K VNĐ,2
99,0.0,712.0,Sách Việt Nam,200-500K VNĐ,2
149,0.0,386.0,Sách Việt Nam,100-200K VNĐ,3
163,0.0,241.0,Sách Việt Nam,50-100K VNĐ,4
45,0.0,247.0,Sách Việt Nam,100-200K VNĐ,3
76,0.0,305.0,Sách Việt Nam,100-200K VNĐ,3
30,0.0,595.0,Sách Việt Nam,200-500K VNĐ,2
24,0.0,504.0,Sách Việt Nam,200-500K VNĐ,2
37,0.0,372.0,Sách Việt Nam,200-500K VNĐ,2
8,0.0,452.0,Sách Việt Nam,200-500K VNĐ,2
31,0.0,288.0,Sách Việt Nam,100-200K VNĐ,3
27,0.0,264.0,Sách Việt Nam,100-200K VNĐ,3
78,0.0,266.0,Sách Việt Nam,200-500K VNĐ,2
37,0.0,72.0,Sách Việt Nam,100-200K VNĐ,3
79,0.0,208.0,Sách Việt Nam,100-200K VNĐ,3
42,0.0,160.0,Sách Việt Nam,50-100K VNĐ,4
46,0.0,1504.0,Sách Việt Nam,200-500K VNĐ,2
48,0.0,152.0,Sách Việt Nam,50-100K VNĐ,4
49,0.0,392.0,Sách Việt Nam,100-200K VNĐ,3
550,4.35,544.0,Sách Việt Nam,200-500K VNĐ,2
67,0.0,335.0,Sách Việt Nam,100-200K VNĐ,3
55,0.0,320.0,Sách Việt Nam,100-200K VNĐ,3
14,5.0,500.0,Sách Việt Nam,100-200K VNĐ,3
80,0.0,464.0,Sách Việt Nam,200-500K VNĐ,2
7,0.0,264.0,Sách Việt Nam,100-200K VNĐ,3
97,0.0,420.0,Sách Việt Nam,200-500K VNĐ,2
49,0.0,444.0,Sách Việt Nam,200-500K VNĐ,2
29,0.0,160.0,Sách Việt Nam,50-100K VNĐ,4
49,0.0,232.0,Sách Việt Nam,100-200K VNĐ,3
4,0.0,235.0,Sách Việt Nam,100-200K VNĐ,3
246,0.0,209.0,Sách Việt Nam,50-100K VNĐ,4
22,0.0,212.0,Sách Việt Nam,100-200K VNĐ,3
14,0.0,680.0,Sách Việt Nam,>500K VNĐ,1
346,0.0,161.0,Sách Việt Nam,50-100K VNĐ,4
21,0.0,228.0,Sách Việt Nam,50-100K VNĐ,4
56,5.0,224.0,Sách Việt Nam,100-200K VNĐ,3
10,0.0,260.0,Sách Việt Nam,100-200K VNĐ,3
38,0.0,368.0,Sách Việt Nam,100-200K VNĐ,3
25,0.0,352.0,Sách Việt Nam,200-500K VNĐ,2
28,0.0,224.0,Sách Việt Nam,200-500K VNĐ,2
4,0.0,176.0,Sách Việt Nam,50-100K VNĐ,4
3,0.0,204.0,Sách Việt Nam,100-200K VNĐ,3
2,0.0,168.0,Sách Việt Nam,50-100K VNĐ,4
30,0.0,152.0,Sách Việt Nam,50-100K VNĐ,4
38,5.0,316.0,Sách Việt Nam,100-200K VNĐ,3
2500,0.0,348.0,Sách Việt Nam,100-200K VNĐ,3
2000,4.95,488.0,Sách Việt Nam,200-500K VNĐ,2
587,0.0,263.0,Sách Việt Nam,100-200K VNĐ,3
1300,5.0,456.0,Sách Việt Nam,100-200K VNĐ,3
1100,0.0,408.0,Sách Việt Nam,100-200K VNĐ,3
408,0.0,439.0,Sách Việt Nam,200-500K VNĐ,2
955,0.0,372.0,Sách Việt Nam,100-200K VNĐ,3
274,0.0,300.0,Sách Việt Nam,100-200K VNĐ,3
567,0.0,76.0,Sách Việt Nam,100-200K VNĐ,3
193,0.0,504.0,Sách Việt Nam,200-500K VNĐ,2
652,0.0,647.0,Sách Việt Nam,200-500K VNĐ,2
397,0.0,624.0,Sách Việt Nam,200-500K VNĐ,2
36,0.0,252.0,Sách Việt Nam,100-200K VNĐ,3
170,0.0,228.0,Sách Việt Nam,100-200K VNĐ,3
50,0.0,279.0,Sách Việt Nam,100-200K VNĐ,3
2000,0.0,480.0,Sách Việt Nam,200-500K VNĐ,2
44,0.0,300.0,Sách Việt Nam,200-500K VNĐ,2
434,0.0,232.0,Sách Việt Nam,100-200K VNĐ,3
136,0.0,463.0,Sách Việt Nam,100-200K VNĐ,3
364,0.0,332.0,Sách Việt Nam,50-100K VNĐ,4
295,5.0,832.0,Sách Việt Nam,>500K VNĐ,1
173,0.0,552.0,Sách Việt Nam,200-500K VNĐ,2
74,0.0,304.0,Sách Việt Nam,100-200K VNĐ,3
79,0.0,508.0,Sách Việt Nam,200-500K VNĐ,2
236,0.0,45.0,Sách Việt Nam,50-100K VNĐ,4
1800,0.0,104.0,Sách Việt Nam,50-100K VNĐ,4
178,0.0,358.0,Sách Việt Nam,200-500K VNĐ,2
183,0.0,401.0,Sách Việt Nam,100-200K VNĐ,3
613,0.0,45.0,Sách Việt Nam,50-100K VNĐ,4
176,0.0,234.0,Sách Việt Nam,100-200K VNĐ,3
36,0.0,288.0,Sách Việt Nam,200-500K VNĐ,2
285,0.0,440.0,Sách Việt Nam,100-200K VNĐ,3
92,0.0,358.0,Sách Việt Nam,100-200K VNĐ,3
647,0.0,184.0,Sách Việt Nam,100-200K VNĐ,3
259,0.0,488.0,Sách Việt Nam,100-200K VNĐ,3
201,5.0,464.0,Sách Việt Nam,100-200K VNĐ,3
154,0.0,120.0,Sách Việt Nam,50-100K VNĐ,4
309,0.0,167.0,Sách Việt Nam,100-200K VNĐ,3
749,0.0,70.0,Sách Việt Nam,50-100K VNĐ,4
8,0.0,480.0,Sách Việt Nam,200-500K VNĐ,2
1200,0.0,104.0,Sách Việt Nam,50-100K VNĐ,4
102,0.0,256.0,Sách Việt Nam,100-200K VNĐ,3
137,0.0,88.0,Sách Việt Nam,50-100K VNĐ,4
211,0.0,408.0,Sách Việt Nam,100-200K VNĐ,3
22,0.0,395.0,Sách Việt Nam,200-500K VNĐ,2
392,0.0,223.0,Sách Việt Nam,100-200K VNĐ,3
203,0.0,258.0,Sách Việt Nam,200-500K VNĐ,2
106,0.0,399.0,Sách Việt Nam,100-200K VNĐ,3
148,0.0,1389.0,Sách Việt Nam,>500K VNĐ,1
398,0.0,496.0,Sách Việt Nam,200-500K VNĐ,2
211,0.0,349.0,Sách Việt Nam,100-200K VNĐ,3
93,0.0,266.0,Sách Việt Nam,200-500K VNĐ,2
61,0.0,214.0,Sách Việt Nam,50-100K VNĐ,4
132,0.0,284.0,Sách Việt Nam,100-200K VNĐ,3
60,0.0,336.0,Sách Việt Nam,100-200K VNĐ,3
234,0.0,244.0,Sách Việt Nam,200-500K VNĐ,2
60,0.0,196.0,Sách Việt Nam,200-500K VNĐ,2
209,5.0,512.0,Sách Việt Nam,200-500K VNĐ,2
41,0.0,336.0,Sách Việt Nam,200-500K VNĐ,2
207,0.0,231.0,Sách Việt Nam,100-200K VNĐ,3
197,0.0,340.0,Sách Việt Nam,100-200K VNĐ,3
389,0.0,56.0,Sách Việt Nam,50-100K VNĐ,4
210,0.0,148.0,Sách Việt Nam,50-100K VNĐ,4
52,0.0,296.0,Sách Việt Nam,100-200K VNĐ,3
166,0.0,208.0,Sách Việt Nam,50-100K VNĐ,4
173,0.0,200.0,Sách Việt Nam,100-200K VNĐ,3
76,0.0,736.0,Sách Việt Nam,200-500K VNĐ,2
69,0.0,420.0,Sách Việt Nam,200-500K VNĐ,2
25,0.0,200.0,Sách Việt Nam,100-200K VNĐ,3
47,0.0,300.0,Sách Việt Nam,200-500K VNĐ,2
75,0.0,63.0,Sách Việt Nam,100-200K VNĐ,3
15,0.0,197.0,Sách Việt Nam,50-100K VNĐ,4
90,0.0,400.0,Sách Việt Nam,100-200K VNĐ,3
37,0.0,252.0,Sách Việt Nam,100-200K VNĐ,3
30,0.0,264.0,Sách Việt Nam,200-500K VNĐ,2
135,0.0,544.0,Sách Việt Nam,200-500K VNĐ,2
10,0.0,370.0,Sách Việt Nam,200-500K VNĐ,2
107,0.0,175.0,Sách Việt Nam,100-200K VNĐ,3
102,0.0,220.0,Sách Việt Nam,100-200K VNĐ,3
100,4.85,255.0,Sách Việt Nam,200-500K VNĐ,2
119,0.0,776.0,Sách Việt Nam,200-500K VNĐ,2
104,0.0,127.0,Sách Việt Nam,50-100K VNĐ,4
21,0.0,204.0,Sách Việt Nam,100-200K VNĐ,3
44,0.0,500.0,Sách Việt Nam,200-500K VNĐ,2
81,0.0,580.0,Sách Việt Nam,200-500K VNĐ,2
27,0.0,248.0,Sách Việt Nam,100-200K VNĐ,3
49,0.0,612.0,Sách Việt Nam,200-500K VNĐ,2
257,0.0,179.0,Sách Việt Nam,100-200K VNĐ,3
18,0.0,272.0,Sách Việt Nam,100-200K VNĐ,3
42,0.0,168.0,Sách Việt Nam,100-200K VNĐ,3
107,0.0,336.0,Sách Việt Nam,200-500K VNĐ,2
378,0.0,292.0,Sách Việt Nam,<50K VNĐ,5
531,0.0,351.0,Sách Việt Nam,100-200K VNĐ,3
151,0.0,156.0,Sách Việt Nam,50-100K VNĐ,4
252,0.0,352.0,Sách Việt Nam,50-100K VNĐ,4
178,5.0,429.0,Sách Việt Nam,100-200K VNĐ,3
131,0.0,416.0,Sách Việt Nam,100-200K VNĐ,3
76,0.0,296.0,Sách Việt Nam,200-500K VNĐ,2
208,0.0,496.0,Sách Việt Nam,100-200K VNĐ,3
83,0.0,452.0,Sách Việt Nam,100-200K VNĐ,3
27,0.0,142.0,Sách Việt Nam,50-100K VNĐ,4
9,0.0,264.0,Sách Việt Nam,100-200K VNĐ,3
8,0.0,272.0,Sách Việt Nam,100-200K VNĐ,3
41,0.0,180.0,Sách Việt Nam,100-200K VNĐ,3
136,0.0,456.0,Sách Việt Nam,100-200K VNĐ,3
81,0.0,444.0,Sách Việt Nam,200-500K VNĐ,2
57,0.0,148.0,Sách Việt Nam,<50K VNĐ,5
59,0.0,125.0,Sách Việt Nam,<50K VNĐ,5
25,0.0,115.0,Sách Việt Nam,<50K VNĐ,5
33,0.0,436.0,Sách Việt Nam,100-200K VNĐ,3
91,0.0,176.0,Sách Việt Nam,<50K VNĐ,5
427,0.0,376.0,Sách Việt Nam,100-200K VNĐ,3
8,0.0,68.0,Sách Việt Nam,<50K VNĐ,5
38,0.0,32.0,Sách Việt Nam,<50K VNĐ,5
48,0.0,272.0,Sách Việt Nam,100-200K VNĐ,3
51,0.0,182.0,Sách Việt Nam,50-100K VNĐ,4
11,0.0,160.0,Sách Việt Nam,<50K VNĐ,5
29,0.0,98.0,Sách Việt Nam,50-100K VNĐ,4
105,0.0,316.0,Sách Việt Nam,200-500K VNĐ,2
39,0.0,136.0,Sách Việt Nam,50-100K VNĐ,4
73,5.0,294.0,Sách Việt Nam,50-100K VNĐ,4
53,0.0,528.0,Sách Việt Nam,100-200K VNĐ,3
31,0.0,440.0,Sách Việt Nam,100-200K VNĐ,3
61,0.0,42.0,Sách Việt Nam,<50K VNĐ,5
11,0.0,184.0,Sách Việt Nam,50-100K VNĐ,4
65,0.0,48.0,Sách Việt Nam,50-100K VNĐ,4
6,0.0,335.0,Sách Việt Nam,100-200K VNĐ,3
9,0.0,256.0,Sách Việt Nam,200-500K VNĐ,2
99,0.0,396.0,Sách Việt Nam,100-200K VNĐ,3
24,0.0,120.0,Sách Việt Nam,100-200K VNĐ,3
12,0.0,488.0,Sách Việt Nam,100-200K VNĐ,3
22,0.0,120.0,Sách Việt Nam,100-200K VNĐ,3
11,0.0,364.0,Sách Việt Nam,100-200K VNĐ,3
5,0.0,184.0,Sách Việt Nam,50-100K VNĐ,4
40,0.0,304.0,Sách Việt Nam,200-500K VNĐ,2
41,5.0,192.0,Sách Việt Nam,50-100K VNĐ,4
27,0.0,244.0,Sách Việt Nam,50-100K VNĐ,4
25,0.0,300.0,Sách Việt Nam,50-100K VNĐ,4
86,0.0,367.0,Sách Việt Nam,100-200K VNĐ,3
43,0.0,743.0,Sách Việt Nam,200-500K VNĐ,2
36,0.0,183.0,Sách Việt Nam,50-100K VNĐ,4
14,0.0,252.0,Sách Việt Nam,100-200K VNĐ,3
13,0.0,128.0,Sách Việt Nam,50-100K VNĐ,4
6,0.0,696.0,Sách Việt Nam,200-500K VNĐ,2
58,0.0,127.0,Sách Việt Nam,<50K VNĐ,5
27,0.0,584.0,Sách Việt Nam,200-500K VNĐ,2
14,0.0,312.0,Sách Việt Nam,200-500K VNĐ,2
31,0.0,60.0,Sách Việt Nam,<50K VNĐ,5
5,0.0,128.0,Sách Việt Nam,50-100K VNĐ,4
116,0.0,222.0,Sách Việt Nam,50-100K VNĐ,4
100,0.0,258.0,Sách Việt Nam,50-100K VNĐ,4
17,0.0,192.0,Sách Việt Nam,50-100K VNĐ,4
5,0.0,452.0,Sách Việt Nam,200-500K VNĐ,2
2,0.0,232.0,Sách Việt Nam,100-200K VNĐ,3
17,0.0,280.0,Sách Việt Nam,50-100K VNĐ,4
58,0.0,176.0,Sách Việt Nam,50-100K VNĐ,4
3,0.0,60.0,Sách Việt Nam,<50K VNĐ,5
5,0.0,124.0,Sách Việt Nam,<50K VNĐ,5
15,0.0,336.0,Sách Việt Nam,200-500K VNĐ,2
24,0.0,250.0,Sách Việt Nam,50-100K VNĐ,4
21,0.0,216.0,Sách Việt Nam,50-100K VNĐ,4
13,0.0,208.0,Sách Việt Nam,50-100K VNĐ,4
7,0.0,1200.0,Sách Việt Nam,>500K VNĐ,1
10,0.0,384.0,Sách Việt Nam,100-200K VNĐ,3
67,0.0,296.0,Sách Việt Nam,100-200K VNĐ,3
249,0.0,436.0,Sách Việt Nam,100-200K VNĐ,3
13,0.0,260.0,Sách Việt Nam,100-200K VNĐ,3
19,0.0,92.0,Sách Việt Nam,<50K VNĐ,5
48,0.0,419.0,Sách Việt Nam,100-200K VNĐ,3
15,5.0,248.0,Sách Việt Nam,50-100K VNĐ,4
9,0.0,222.0,Sách Việt Nam,50-100K VNĐ,4
38,0.0,223.0,Sách Việt Nam,200-500K VNĐ,2
9,0.0,375.0,Sách Việt Nam,100-200K VNĐ,3
74,0.0,484.0,Sách Việt Nam,100-200K VNĐ,3
22,0.0,136.0,Sách Việt Nam,<50K VNĐ,5
4,0.0,323.0,Sách Việt Nam,100-200K VNĐ,3
1100,5.0,224.0,Sách Việt Nam,50-100K VNĐ,4
775,0.0,340.0,Sách Việt Nam,200-500K VNĐ,2
1000,0.0,316.0,Sách Việt Nam,100-200K VNĐ,3
773,0.0,244.0,Sách Việt Nam,50-100K VNĐ,4
1700,0.0,256.0,Sách Việt Nam,100-200K VNĐ,3
554,0.0,287.0,Sách Việt Nam,100-200K VNĐ,3
320,0.0,339.0,Sách Việt Nam,100-200K VNĐ,3
780,0.0,199.0,Sách Việt Nam,100-200K VNĐ,3
757,0.0,258.0,Sách Việt Nam,100-200K VNĐ,3
655,0.0,275.0,Sách Việt Nam,100-200K VNĐ,3
101,0.0,230.0,Sách Việt Nam,100-200K VNĐ,3
182,0.0,512.0,Sách Việt Nam,200-500K VNĐ,2
265,4.0,120.0,Sách Việt Nam,50-100K VNĐ,4
388,0.0,174.0,Sách Việt Nam,50-100K VNĐ,4
640,0.0,206.0,Sách Việt Nam,100-200K VNĐ,3
531,0.0,152.0,Sách Việt Nam,50-100K VNĐ,4
154,0.0,168.0,Sách Việt Nam,100-200K VNĐ,3
140,0.0,248.0,Sách Việt Nam,100-200K VNĐ,3
225,4.5,332.0,Sách Việt Nam,100-200K VNĐ,3
167,0.0,312.0,Sách Việt Nam,100-200K VNĐ,3
215,0.0,248.0,Sách Việt Nam,50-100K VNĐ,4
123,0.0,330.0,Sách Việt Nam,100-200K VNĐ,3
202,2.0,272.0,Sách Việt Nam,50-100K VNĐ,4
385,0.0,314.0,Sách Việt Nam,100-200K VNĐ,3
189,0.0,268.0,Sách Việt Nam,100-200K VNĐ,3
107,0.0,434.0,Sách Việt Nam,100-200K VNĐ,3
31,0.0,379.0,Sách Việt Nam,100-200K VNĐ,3
22,0.0,168.0,Sách Việt Nam,100-200K VNĐ,3
24,0.0,188.0,Sách Việt Nam,100-200K VNĐ,3
90,0.0,164.0,Sách Việt Nam,50-100K VNĐ,4
161,0.0,395.0,Sách Việt Nam,200-500K VNĐ,2
294,0.0,232.0,Sách Việt Nam,50-100K VNĐ,4
127,0.0,230.0,Sách Việt Nam,50-100K VNĐ,4
118,0.0,124.0,Sách Việt Nam,50-100K VNĐ,4
235,0.0,256.0,Sách Việt Nam,200-500K VNĐ,2
168,0.0,176.0,Sách Việt Nam,100-200K VNĐ,3
85,4.0,111.0,Sách Việt Nam,50-100K VNĐ,4
51,0.0,339.0,Sách Việt Nam,100-200K VNĐ,3
16,0.0,180.0,Sách Việt Nam,50-100K VNĐ,4
112,0.0,284.0,Sách Việt Nam,50-100K VNĐ,4
13,0.0,288.0,Sách Việt Nam,100-200K VNĐ,3
53,0.0,324.0,Sách Việt Nam,100-200K VNĐ,3
47,0.0,328.0,Sách Việt Nam,100-200K VNĐ,3
48,0.0,294.0,Sách Việt Nam,50-100K VNĐ,4
43,0.0,331.0,Sách Việt Nam,100-200K VNĐ,3
53,0.0,240.0,Sách Việt Nam,100-200K VNĐ,3
72,0.0,302.0,Sách Việt Nam,100-200K VNĐ,3
69,0.0,192.0,Sách Việt Nam,100-200K VNĐ,3
38,4.65,273.0,Sách Việt Nam,100-200K VNĐ,3
41,0.0,435.0,Sách Việt Nam,100-200K VNĐ,3
49,0.0,528.0,Sách Việt Nam,100-200K VNĐ,3
29,0.0,168.0,Sách Việt Nam,50-100K VNĐ,4
73,5.0,548.0,Sách Việt Nam,100-200K VNĐ,3
229,4.9,176.0,Sách Việt Nam,<50K VNĐ,5
81,0.0,200.0,Sách Việt Nam,50-100K VNĐ,4
163,0.0,200.0,Sách Việt Nam,50-100K VNĐ,4
56,0.0,216.0,Sách Việt Nam,50-100K VNĐ,4
71,0.0,414.0,Sách Việt Nam,100-200K VNĐ,3
218,0.0,188.0,Sách Việt Nam,50-100K VNĐ,4
80,0.0,72.0,Sách Việt Nam,100-200K VNĐ,3
21,0.0,196.0,Sách Việt Nam,200-500K VNĐ,2
12,0.0,230.0,Sách Việt Nam,100-200K VNĐ,3
50,0.0,204.0,Sách Việt Nam,200-500K VNĐ,2
29,0.0,284.0,Sách Việt Nam,100-200K VNĐ,3
184,5.0,80.0,Sách Việt Nam,50-100K VNĐ,4
39,0.0,127.0,Sách Việt Nam,<50K VNĐ,5
15,0.0,24.0,Sách Việt Nam,<50K VNĐ,5
30,0.0,80.0,Sách Việt Nam,100-200K VNĐ,3
3,0.0,32.0,Sách Việt Nam,50-100K VNĐ,4
43,0.0,401.0,Sách Việt Nam,100-200K VNĐ,3
39,0.0,724.0,Sách Việt Nam,200-500K VNĐ,2
59,0.0,184.0,Sách Việt Nam,50-100K VNĐ,4
33,0.0,207.0,Sách Việt Nam,50-100K VNĐ,4
20,0.0,292.0,Sách Việt Nam,100-200K VNĐ,3
44,0.0,312.0,Sách Việt Nam,100-200K VNĐ,3
8,0.0,2022.0,Sách Việt Nam,50-100K VNĐ,4
29,0.0,296.0,Sách Việt Nam,100-200K VNĐ,3
27,5.0,286.0,Sách Việt Nam,50-100K VNĐ,4
36,0.0,168.0,Sách Việt Nam,50-100K VNĐ,4
8,0.0,164.0,Sách Việt Nam,100-200K VNĐ,3
66,0.0,408.0,Sách Việt Nam,100-200K VNĐ,3
4,0.0,32.0,Sách Việt Nam,50-100K VNĐ,4
23,0.0,343.0,Sách Việt Nam,100-200K VNĐ,3
52,0.0,66.0,Sách Việt Nam,50-100K VNĐ,4
37,0.0,228.0,Sách Việt Nam,100-200K VNĐ,3
8,0.0,332.0,Sách Việt Nam,100-200K VNĐ,3
2900,5.0,312.0,Sách Việt Nam,100-200K VNĐ,3
492,0.0,392.0,Sách Việt Nam,100-200K VNĐ,3
377,4.9,236.0,Sách Việt Nam,100-200K VNĐ,3
253,0.0,572.0,Sách Việt Nam,100-200K VNĐ,3
115,0.0,384.0,Sách Việt Nam,100-200K VNĐ,3
57,0.0,303.0,Sách Việt Nam,100-200K VNĐ,3
284,0.0,391.0,Sách Việt Nam,100-200K VNĐ,3
100,0.0,1310.0,Sách Việt Nam,>500K VNĐ,1
246,0.0,220.0,Sách Việt Nam,100-200K VNĐ,3
85,0.0,392.0,Sách Việt Nam,200-500K VNĐ,2
98,0.0,498.0,Sách Việt Nam,200-500K VNĐ,2
27,0.0,196.0,Sách Việt Nam,100-200K VNĐ,3
215,0.0,235.0,Sách Việt Nam,50-100K VNĐ,4
97,0.0,312.0,Sách Việt Nam,100-200K VNĐ,3
5,0.0,400.0,Sách Việt Nam,200-500K VNĐ,2
70,0.0,408.0,Sách Việt Nam,100-200K VNĐ,3
20,0.0,236.0,Sách Việt Nam,50-100K VNĐ,4
16,0.0,164.0,Sách Việt Nam,<50K VNĐ,5
139,0.0,376.0,Sách Việt Nam,100-200K VNĐ,3
12,0.0,180.0,Sách Việt Nam,50-100K VNĐ,4
3,0.0,208.0,Sách Việt Nam,50-100K VNĐ,4
6,0.0,352.0,Sách Việt Nam,100-200K VNĐ,3
86,0.0,207.0,Sách Việt Nam,50-100K VNĐ,4
19,0.0,388.0,Sách Việt Nam,200-500K VNĐ,2
23,0.0,168.0,Sách Việt Nam,<50K VNĐ,5
4,0.0,360.0,Sách Việt Nam,200-500K VNĐ,2
39,0.0,292.0,Sách Việt Nam,50-100K VNĐ,4
38,0.0,320.0,Sách Việt Nam,100-200K VNĐ,3
117,4.7,238.0,Sách Việt Nam,100-200K VNĐ,3
5,0.0,236.0,Sách Việt Nam,100-200K VNĐ,3
33,0.0,152.0,Sách Việt Nam,50-100K VNĐ,4
61,0.0,208.0,Sách Việt Nam,50-100K VNĐ,4
27,0.0,366.0,Sách Việt Nam,100-200K VNĐ,3
3,0.0,346.0,Sách Việt Nam,200-500K VNĐ,2
42,0.0,132.0,Sách Việt Nam,<50K VNĐ,5
67,0.0,520.0,Sách Việt Nam,200-500K VNĐ,2
33,0.0,136.0,Sách Việt Nam,50-100K VNĐ,4
141,0.0,158.0,Sách Việt Nam,50-100K VNĐ,4
100,0.0,98.0,Sách Việt Nam,<50K VNĐ,5
20,0.0,416.0,Sách Việt Nam,200-500K VNĐ,2
15,0.0,199.0,Sách Việt Nam,50-100K VNĐ,4
18,0.0,244.0,Sách Việt Nam,100-200K VNĐ,3
4,0.0,324.0,Sách Việt Nam,50-100K VNĐ,4
72,0.0,213.0,Sách Việt Nam,50-100K VNĐ,4
29,0.0,115.0,Sách Việt Nam,<50K VNĐ,5
13,0.0,916.0,Sách Việt Nam,>500K VNĐ,1
18,0.0,479.0,Sách Việt Nam,100-200K VNĐ,3
20,0.0,602.0,Sách Việt Nam,200-500K VNĐ,2
3,0.0,254.0,Sách Việt Nam,100-200K VNĐ,3
25,0.0,352.0,Sách Việt Nam,100-200K VNĐ,3
69,0.0,160.0,Sách Việt Nam,50-100K VNĐ,4
18,0.0,240.0,Sách Việt Nam,50-100K VNĐ,4
3,0.0,260.0,Sách Việt Nam,>500K VNĐ,1
30,0.0,616.0,Sách Việt Nam,200-500K VNĐ,2
18,0.0,352.0,Sách Việt Nam,200-500K VNĐ,2
15,0.0,756.0,Sách Việt Nam,>500K VNĐ,1
2,0.0,124.0,Sách Việt Nam,200-500K VNĐ,2
12,0.0,492.0,Sách Việt Nam,200-500K VNĐ,2
1,0.0,184.0,Sách Việt Nam,50-100K VNĐ,4
90,0.0,174.0,Sách Việt Nam,50-100K VNĐ,4
11,5.0,304.0,Sách Việt Nam,100-200K VNĐ,3
9,0.0,208.0,Sách Việt Nam,<50K VNĐ,5
12,0.0,447.0,Sách Việt Nam,100-200K VNĐ,3
59,0.0,356.0,Sách Việt Nam,100-200K VNĐ,3
1,0.0,256.0,Sách Việt Nam,100-200K VNĐ,3
31,4.65,320.0,Sách Việt Nam,100-200K VNĐ,3
12,0.0,163.0,Sách Việt Nam,100-200K VNĐ,3
50,0.0,184.0,Sách Việt Nam,50-100K VNĐ,4
19,0.0,152.0,Sách Việt Nam,50-100K VNĐ,4
163,5.0,288.0,Sách Việt Nam,100-200K VNĐ,3
8,0.0,272.0,Sách Việt Nam,100-200K VNĐ,3
36,0.0,378.0,Sách Việt Nam,200-500K VNĐ,2
13,0.0,596.0,Sách Việt Nam,200-500K VNĐ,2
13,0.0,272.0,Sách Việt Nam,100-200K VNĐ,3
8,0.0,740.0,Sách Việt Nam,200-500K VNĐ,2
30,0.0,180.0,Sách Việt Nam,50-100K VNĐ,4
60,0.0,396.0,Sách Việt Nam,100-200K VNĐ,3
7,0.0,424.0,Sách Việt Nam,100-200K VNĐ,3
86,0.0,354.0,Sách Việt Nam,100-200K VNĐ,3
27,0.0,272.0,Sách Việt Nam,100-200K VNĐ,3
29,0.0,292.0,Sách Việt Nam,200-500K VNĐ,2
11,0.0,191.0,Sách Việt Nam,100-200K VNĐ,3
4,0.0,141.0,Sách Việt Nam,50-100K VNĐ,4
4,0.0,314.0,Sách Việt Nam,100-200K VNĐ,3
21,0.0,548.0,Sách Việt Nam,200-500K VNĐ,2
57,0.0,160.0,Sách Việt Nam,50-100K VNĐ,4
27,0.0,560.0,Sách Việt Nam,200-500K VNĐ,2
39,0.0,290.0,Sách Việt Nam,200-500K VNĐ,2
2,0.0,326.0,Sách Việt Nam,100-200K VNĐ,3
43,0.0,304.0,Sách Việt Nam,50-100K VNĐ,4
8,4.9,280.0,Sách Việt Nam,100-200K VNĐ,3
89,0.0,104.0,Sách Việt Nam,<50K VNĐ,5
1400,5.0,172.0,Sách Việt Nam,200-500K VNĐ,2
88,0.0,138.0,Sách Việt Nam,100-200K VNĐ,3
92,5.0,400.0,Sách Việt Nam,200-500K VNĐ,2
18,0.0,228.0,Sách Việt Nam,100-200K VNĐ,3
79,0.0,184.0,Sách Việt Nam,100-200K VNĐ,3
158,0.0,384.0,Sách Việt Nam,100-200K VNĐ,3
15,0.0,268.0,Sách Việt Nam,100-200K VNĐ,3
14,0.0,256.0,Sách Việt Nam,100-200K VNĐ,3
14,0.0,320.0,Sách Việt Nam,100-200K VNĐ,3
42,0.0,532.0,Sách Việt Nam,200-500K VNĐ,2
238,0.0,172.0,Sách nước ngoài,200-500K VNĐ,2
73,0.0,512.0,Sách Việt Nam,>500K VNĐ,1
25,0.0,302.0,Sách Việt Nam,100-200K VNĐ,3
20,0.0,308.0,Sách Việt Nam,100-200K VNĐ,3
11,0.0,476.0,Sách Việt Nam,100-200K VNĐ,3
63,0.0,348.0,Sách Việt Nam,100-200K VNĐ,3
48,0.0,290.0,Sách Việt Nam,200-500K VNĐ,2
3,0.0,232.0,Sách Việt Nam,200-500K VNĐ,2
5,0.0,311.0,Sách Việt Nam,100-200K VNĐ,3
14,0.0,232.0,Sách Việt Nam,50-100K VNĐ,4
14,0.0,235.0,Sách Việt Nam,>500K VNĐ,1
66,0.0,290.0,Sách Việt Nam,100-200K VNĐ,3
26,0.0,260.0,Sách Việt Nam,200-500K VNĐ,2
54,0.0,300.0,Sách Việt Nam,100-200K VNĐ,3
58,0.0,655.0,Sách Việt Nam,200-500K VNĐ,2
24,0.0,406.0,Sách Việt Nam,>500K VNĐ,1
21,0.0,196.0,Sách Việt Nam,200-500K VNĐ,2
5,0.0,320.0,Sách Việt Nam,100-200K VNĐ,3
11,0.0,200.0,Sách Việt Nam,100-200K VNĐ,3
21,0.0,123.0,Sách Việt Nam,50-100K VNĐ,4
4,0.0,224.0,Sách Việt Nam,100-200K VNĐ,3
6,0.0,296.0,Sách Việt Nam,200-500K VNĐ,2
14,0.0,141.0,Sách Việt Nam,200-500K VNĐ,2
20,0.0,272.0,Sách Việt Nam,200-500K VNĐ,2
5,0.0,239.0,Sách Việt Nam,50-100K VNĐ,4
3,0.0,168.0,Sách Việt Nam,50-100K VNĐ,4
15,0.0,400.0,Sách Việt Nam,100-200K VNĐ,3
8,0.0,390.0,Sách Việt Nam,200-500K VNĐ,2
10,0.0,352.0,Sách Việt Nam,200-500K VNĐ,2
48,0.0,260.0,Sách Việt Nam,200-500K VNĐ,2
5,0.0,652.0,Sách Việt Nam,200-500K VNĐ,2
15,0.0,544.0,Sách Việt Nam,200-500K VNĐ,2
5,0.0,600.0,Sách Việt Nam,200-500K VNĐ,2
37,4.8,455.0,Sách Việt Nam,100-200K VNĐ,3
16,0.0,240.0,Sách Việt Nam,50-100K VNĐ,4
4,0.0,86.0,Sách Việt Nam,50-100K VNĐ,4
4,0.0,320.0,Sách Việt Nam,200-500K VNĐ,2
12,0.0,240.0,Sách Việt Nam,100-200K VNĐ,3
27,0.0,168.0,Sách Việt Nam,50-100K VNĐ,4
6,0.0,388.0,Sách Việt Nam,200-500K VNĐ,2
18,0.0,207.0,Sách Việt Nam,200-500K VNĐ,2
11,0.0,212.0,Sách Việt Nam,100-200K VNĐ,3
5,0.0,207.0,Sách Việt Nam,200-500K VNĐ,2
14,4.65,410.0,Sách Việt Nam,200-500K VNĐ,2
27,0.0,144.0,Sách Việt Nam,50-100K VNĐ,4
15,0.0,207.0,Sách Việt Nam,50-100K VNĐ,4
4,0.0,110.0,Sách Việt Nam,50-100K VNĐ,4
17,0.0,368.0,Sách Việt Nam,100-200K VNĐ,3
5,0.0,444.0,Sách Việt Nam,100-200K VNĐ,3
16,0.0,248.0,Sách Việt Nam,100-200K VNĐ,3
18,0.0,364.0,Sách Việt Nam,100-200K VNĐ,3
20,0.0,84.0,Sách Việt Nam,50-100K VNĐ,4
4,0.0,456.0,Sách Việt Nam,100-200K VNĐ,3
4,0.0,260.0,Sách Việt Nam,200-500K VNĐ,2
3,0.0,74.0,Sách Việt Nam,50-100K VNĐ,4
8,0.0,286.0,Sách Việt Nam,100-200K VNĐ,3
3,0.0,308.0,Sách Việt Nam,100-200K VNĐ,3
4,0.0,84.0,Sách Việt Nam,50-100K VNĐ,4
12,0.0,328.0,Sách Việt Nam,100-200K VNĐ,3
3,0.0,256.0,Sách Việt Nam,50-100K VNĐ,4
5,0.0,204.0,Sách Việt Nam,50-100K VNĐ,4
0,0.0,224.0,Sách Việt Nam,100-200K VNĐ,3
5,0.0,85.0,Sách Việt Nam,50-100K VNĐ,4
15,0.0,452.0,Sách Việt Nam,>500K VNĐ,1
4,0.0,193.0,Sách Việt Nam,100-200K VNĐ,3
4,0.0,336.0,Sách Việt Nam,50-100K VNĐ,4
9,0.0,116.0,Sách Việt Nam,100-200K VNĐ,3
7,0.0,96.0,Sách Việt Nam,100-200K VNĐ,3
0,0.0,156.0,Sách Việt Nam,50-100K VNĐ,4
11,0.0,340.0,Sách Việt Nam,100-200K VNĐ,3
7,0.0,188.0,Sách Việt Nam,100-200K VNĐ,3
6,0.0,176.0,Sách Việt Nam,50-100K VNĐ,4
2,0.0,255.0,Sách Việt Nam,100-200K VNĐ,3
5,0.0,203.0,Sách Việt Nam,50-100K VNĐ,4
52,0.0,240.0,Sách Việt Nam,200-500K VNĐ,2
31,0.0,520.0,Sách Việt Nam,200-500K VNĐ,2
194,0.0,194.0,Sách Việt Nam,100-200K VNĐ,3
203,0.0,164.0,Sách Việt Nam,50-100K VNĐ,4
16,0.0,424.0,Sách Việt Nam,200-500K VNĐ,2
16,0.0,240.0,Sách Việt Nam,100-200K VNĐ,3
18,0.0,172.0,Sách Việt Nam,50-100K VNĐ,4
125,0.0,236.0,Sách Việt Nam,100-200K VNĐ,3
56,0.0,248.0,Sách Việt Nam,100-200K VNĐ,3
405,0.0,72.0,Sách Việt Nam,100-200K VNĐ,3
296,0.0,184.0,Sách Việt Nam,50-100K VNĐ,4
98,0.0,138.0,Sách Việt Nam,50-100K VNĐ,4
180,0.0,412.0,Sách Việt Nam,100-200K VNĐ,3
91,0.0,520.0,Sách Việt Nam,100-200K VNĐ,3
9,0.0,178.0,Sách Việt Nam,50-100K VNĐ,4
8,0.0,256.0,Sách Việt Nam,100-200K VNĐ,3
39,0.0,448.0,Sách Việt Nam,200-500K VNĐ,2
286,0.0,440.0,Sách Việt Nam,200-500K VNĐ,2
179,0.0,162.0,Sách Việt Nam,50-100K VNĐ,4
21,0.0,210.0,Sách Việt Nam,50-100K VNĐ,4
9,0.0,404.0,Sách Việt Nam,100-200K VNĐ,3
93,0.0,136.0,Sách Việt Nam,50-100K VNĐ,4
36,0.0,240.0,Sách Việt Nam,200-500K VNĐ,2
30,0.0,440.0,Sách Việt Nam,200-500K VNĐ,2
24,0.0,312.0,Sách Việt Nam,100-200K VNĐ,3
68,0.0,132.0,Sách Việt Nam,50-100K VNĐ,4
65,0.0,164.0,Sách Việt Nam,50-100K VNĐ,4
163,0.0,192.0,Sách Việt Nam,50-100K VNĐ,4
29,0.0,208.0,Sách Việt Nam,50-100K VNĐ,4
11,0.0,240.0,Sách Việt Nam,100-200K VNĐ,3
16,0.0,188.0,Sách Việt Nam,50-100K VNĐ,4
4,0.0,182.0,Sách Việt Nam,50-100K VNĐ,4
111,0.0,170.0,Sách Việt Nam,50-100K VNĐ,4
165,0.0,210.0,Sách Việt Nam,50-100K VNĐ,4
59,0.0,214.0,Sách Việt Nam,50-100K VNĐ,4
5,0.0,472.0,Sách Việt Nam,200-500K VNĐ,2
76,0.0,130.0,Sách Việt Nam,100-200K VNĐ,3
165,0.0,176.0,Sách Việt Nam,50-100K VNĐ,4
46,0.0,368.0,Sách Việt Nam,100-200K VNĐ,3
2,0.0,158.0,Sách Việt Nam,50-100K VNĐ,4
161,0.0,440.0,Sách Việt Nam,100-200K VNĐ,3
64,0.0,148.0,Sách Việt Nam,50-100K VNĐ,4
2,0.0,492.0,Sách Việt Nam,100-200K VNĐ,3
26,0.0,196.0,Sách Việt Nam,50-100K VNĐ,4
30,0.0,266.0,Sách Việt Nam,50-100K VNĐ,4
22,0.0,196.0,Sách Việt Nam,50-100K VNĐ,4
64,0.0,150.0,Sách Việt Nam,50-100K VNĐ,4
22,0.0,232.0,Sách Việt Nam,50-100K VNĐ,4
32,0.0,192.0,Sách Việt Nam,50-100K VNĐ,4
50,0.0,184.0,Sách Việt Nam,50-100K VNĐ,4
17,0.0,448.0,Sách Việt Nam,100-200K VNĐ,3
26,0.0,224.0,Sách Việt Nam,100-200K VNĐ,3
8,0.0,308.0,Sách Việt Nam,100-200K VNĐ,3
14,0.0,208.0,Sách Việt Nam,100-200K VNĐ,3
5,0.0,248.0,Sách Việt Nam,100-200K VNĐ,3
34,0.0,416.0,Sách Việt Nam,100-200K VNĐ,3
14,0.0,488.0,Sách Việt Nam,100-200K VNĐ,3
27,0.0,544.0,Sách Việt Nam,100-200K VNĐ,3
237,0.0,202.0,Sách Việt Nam,50-100K VNĐ,4
9,0.0,212.0,Sách Việt Nam,100-200K VNĐ,3
20,0.0,170.0,Sách Việt Nam,50-100K VNĐ,4
23,0.0,174.0,Sách Việt Nam,50-100K VNĐ,4
54,0.0,424.0,Sách Việt Nam,100-200K VNĐ,3
1,0.0,408.0,Sách Việt Nam,100-200K VNĐ,3
13,0.0,122.0,Sách Việt Nam,50-100K VNĐ,4
38,0.0,176.0,Sách Việt Nam,50-100K VNĐ,4
13,0.0,392.0,Sách Việt Nam,100-200K VNĐ,3
34,0.0,404.0,Sách Việt Nam,100-200K VNĐ,3
39,0.0,376.0,Sách Việt Nam,100-200K VNĐ,3
15,0.0,146.0,Sách Việt Nam,50-100K VNĐ,4
31,0.0,512.0,Sách Việt Nam,200-500K VNĐ,2
64,0.0,192.0,Sách Việt Nam,100-200K VNĐ,3
2,0.0,456.0,Sách Việt Nam,200-500K VNĐ,2
27,0.0,512.0,Sách Việt Nam,200-500K VNĐ,2
35,0.0,170.0,Sách Việt Nam,50-100K VNĐ,4
18,0.0,192.0,Sách Việt Nam,100-200K VNĐ,3
82,0.0,194.0,Sách Việt Nam,50-100K VNĐ,4
9,0.0,264.0,Sách Việt Nam,100-200K VNĐ,3
207,0.0,212.0,Sách Việt Nam,50-100K VNĐ,4
134,0.0,129.0,Sách Việt Nam,100-200K VNĐ,3
66,0.0,155.0,Sách Việt Nam,100-200K VNĐ,3
140,0.0,200.0,Sách Việt Nam,200-500K VNĐ,2
7,0.0,216.0,Sách Việt Nam,200-500K VNĐ,2
48,0.0,412.0,Sách Việt Nam,200-500K VNĐ,2
17,0.0,288.0,Sách Việt Nam,100-200K VNĐ,3
77,0.0,68.0,Sách Việt Nam,50-100K VNĐ,4
28,0.0,227.0,Sách Việt Nam,50-100K VNĐ,4
19,0.0,124.0,Sách Việt Nam,50-100K VNĐ,4
49,0.0,112.0,Sách Việt Nam,<50K VNĐ,5
46,0.0,159.0,Sách Việt Nam,<50K VNĐ,5
5,0.0,266.0,Sách Việt Nam,200-500K VNĐ,2
31,0.0,215.0,Sách Việt Nam,50-100K VNĐ,4
45,5.0,112.0,Sách Việt Nam,100-200K VNĐ,3
2,0.0,106.0,Sách Việt Nam,<50K VNĐ,5
9,0.0,216.0,Sách Việt Nam,100-200K VNĐ,3
11,0.0,31.0,Sách Việt Nam,<50K VNĐ,5
7,0.0,216.0,Sách Việt Nam,100-200K VNĐ,3
4,0.0,294.0,Sách Việt Nam,100-200K VNĐ,3
16,0.0,212.0,Sách Việt Nam,100-200K VNĐ,3
11,0.0,180.0,Sách Việt Nam,100-200K VNĐ,3
14,0.0,224.0,Sách Việt Nam,200-500K VNĐ,2
6,0.0,356.0,Sách Việt Nam,100-200K VNĐ,3
15,0.0,180.0,Sách Việt Nam,50-100K VNĐ,4
4,0.0,135.0,Sách Việt Nam,<50K VNĐ,5
37,0.0,256.0,Sách Việt Nam,50-100K VNĐ,4
2,4.0,128.0,Sách Việt Nam,<50K VNĐ,5
26,5.0,172.0,Sách Việt Nam,100-200K VNĐ,3
19,0.0,224.0,Sách Việt Nam,100-200K VNĐ,3
11,0.0,199.0,Sách Việt Nam,50-100K VNĐ,4
11,0.0,216.0,Sách Việt Nam,50-100K VNĐ,4
4,0.0,128.0,Sách Việt Nam,100-200K VNĐ,3
4,0.0,160.0,Sách Việt Nam,50-100K VNĐ,4
5,5.0,523.0,Sách Việt Nam,100-200K VNĐ,3
19,0.0,212.0,Sách Việt Nam,50-100K VNĐ,4
15,0.0,160.0,Sách Việt Nam,100-200K VNĐ,3
10,0.0,72.0,Sách Việt Nam,<50K VNĐ,5
7,0.0,383.0,Sách Việt Nam,<50K VNĐ,5
14,0.0,223.0,Sách Việt Nam,100-200K VNĐ,3
9,0.0,178.0,Sách Việt Nam,200-500K VNĐ,2
14,0.0,240.0,Sách Việt Nam,50-100K VNĐ,4
1,0.0,130.0,Sách Việt Nam,100-200K VNĐ,3
3,0.0,72.0,Sách Việt Nam,<50K VNĐ,5
10,0.0,64.0,Sách Việt Nam,<50K VNĐ,5
4,0.0,112.0,Sách Việt Nam,<50K VNĐ,5
11,0.0,198.0,Sách Việt Nam,50-100K VNĐ,4
0,0.0,156.0,Sách Việt Nam,50-100K VNĐ,4
38,0.0,224.0,Sách Việt Nam,100-200K VNĐ,3
6,0.0,132.0,Sách Việt Nam,100-200K VNĐ,3
14,5.0,300.0,Sách Việt Nam,100-200K VNĐ,3
4,5.0,62.0,Sách Việt Nam,<50K VNĐ,5
0,0.0,159.0,Sách Việt Nam,100-200K VNĐ,3
2,0.0,64.0,Sách Việt Nam,<50K VNĐ,5
13,0.0,240.0,Sách Việt Nam,100-200K VNĐ,3
0,0.0,63.0,Sách Việt Nam,<50K VNĐ,5
8,0.0,280.0,Sách Việt Nam,200-500K VNĐ,2
2,0.0,156.0,Sách Việt Nam,100-200K VNĐ,3
7,0.0,135.0,Sách Việt Nam,<50K VNĐ,5
6,0.0,64.0,Sách Việt Nam,<50K VNĐ,5
1,0.0,63.0,Sách Việt Nam,<50K VNĐ,5
5,0.0,272.0,Sách Việt Nam,200-500K VNĐ,2
2,0.0,442.0,Sách Việt Nam,200-500K VNĐ,2
1,0.0,116.0,Sách Việt Nam,100-200K VNĐ,3
4,0.0,256.0,Sách Việt Nam,100-200K VNĐ,3
3,0.0,60.0,Sách Việt Nam,<50K VNĐ,5
2,0.0,224.0,Sách Việt Nam,100-200K VNĐ,3
7,0.0,64.0,Sách Việt Nam,<50K VNĐ,5
28,0.0,194.0,Sách Việt Nam,50-100K VNĐ,4
1,0.0,160.0,Sách Việt Nam,100-200K VNĐ,3
5,0.0,140.0,Sách Việt Nam,<50K VNĐ,5
5,0.0,64.0,Sách Việt Nam,<50K VNĐ,5
6,0.0,62.0,Sách Việt Nam,<50K VNĐ,5
1,0.0,148.0,Sách Việt Nam,<50K VNĐ,5
4,0.0,192.0,Sách Việt Nam,50-100K VNĐ,4
1,0.0,64.0,Sách Việt Nam,<50K VNĐ,5
242,0.0,509.0,Sách Việt Nam,200-500K VNĐ,2
217,5.0,508.0,Sách Việt Nam,200-500K VNĐ,2
58,0.0,352.0,Sách Việt Nam,100-200K VNĐ,3
47,0.0,488.0,Sách Việt Nam,100-200K VNĐ,3
36,0.0,964.0,Sách Việt Nam,200-500K VNĐ,2
14,0.0,312.0,Sách Việt Nam,200-500K VNĐ,2
74,0.0,90.0,Sách Việt Nam,50-100K VNĐ,4
13,0.0,587.0,Sách Việt Nam,100-200K VNĐ,3
29,0.0,184.0,Sách Việt Nam,50-100K VNĐ,4
28,0.0,608.0,Sách Việt Nam,200-500K VNĐ,2
11,0.0,560.0,Sách Việt Nam,200-500K VNĐ,2
30,0.0,293.0,Sách Việt Nam,50-100K VNĐ,4
17,0.0,348.0,Sách Việt Nam,200-500K VNĐ,2
3,0.0,172.0,Sách Việt Nam,50-100K VNĐ,4
84,0.0,828.0,Sách Việt Nam,200-500K VNĐ,2
19,0.0,252.0,Sách Việt Nam,50-100K VNĐ,4
97,0.0,335.0,Sách Việt Nam,100-200K VNĐ,3
7,0.0,216.0,Sách Việt Nam,50-100K VNĐ,4
30,0.0,647.0,Sách Việt Nam,200-500K VNĐ,2
23,0.0,336.0,Sách Việt Nam,100-200K VNĐ,3
110,0.0,260.0,Sách Việt Nam,100-200K VNĐ,3
48,0.0,357.0,Sách Việt Nam,100-200K VNĐ,3
15,0.0,800.0,Sách Việt Nam,>500K VNĐ,1
18,0.0,130.0,Sách Việt Nam,50-100K VNĐ,4
5,0.0,442.0,Sách Việt Nam,200-500K VNĐ,2
18,0.0,408.0,Sách Việt Nam,200-500K VNĐ,2
19,0.0,176.0,Sách Việt Nam,50-100K VNĐ,4
10,0.0,219.0,Sách Việt Nam,50-100K VNĐ,4
23,0.0,287.0,Sách Việt Nam,100-200K VNĐ,3
18,4.65,363.0,Sách Việt Nam,100-200K VNĐ,3
23,0.0,230.0,Sách Việt Nam,50-100K VNĐ,4
10,0.0,233.0,Sách Việt Nam,100-200K VNĐ,3
16,0.0,248.0,Sách Việt Nam,100-200K VNĐ,3
4,0.0,198.0,Sách Việt Nam,100-200K VNĐ,3
7,0.0,247.0,Sách Việt Nam,50-100K VNĐ,4
3,5.0,390.0,Sách Việt Nam,100-200K VNĐ,3
19,0.0,272.0,Sách Việt Nam,50-100K VNĐ,4
17,0.0,435.0,Sách Việt Nam,100-200K VNĐ,3
10,0.0,583.0,Sách Việt Nam,200-500K VNĐ,2
97,0.0,168.0,Sách Việt Nam,<50K VNĐ,5
10,0.0,239.0,Sách Việt Nam,50-100K VNĐ,4
11,0.0,535.0,Sách Việt Nam,200-500K VNĐ,2
31,0.0,756.0,Sách Việt Nam,200-500K VNĐ,2
3,0.0,400.0,Sách Việt Nam,200-500K VNĐ,2
16,4.0,156.0,Sách Việt Nam,50-100K VNĐ,4
35,0.0,307.0,Sách Việt Nam,100-200K VNĐ,3
15,0.0,200.0,Sách Việt Nam,100-200K VNĐ,3
14,0.0,254.0,Sách Việt Nam,50-100K VNĐ,4
8,0.0,264.0,Sách Việt Nam,100-200K VNĐ,3
24,0.0,1036.0,Sách Việt Nam,200-500K VNĐ,2
26,0.0,319.0,Sách Việt Nam,200-500K VNĐ,2
13,0.0,378.0,Sách Việt Nam,50-100K VNĐ,4
14,0.0,303.0,Sách Việt Nam,100-200K VNĐ,3
23,0.0,210.0,Sách Việt Nam,100-200K VNĐ,3
5,0.0,124.0,Sách Việt Nam,50-100K VNĐ,4
3,0.0,84.0,Sách Việt Nam,50-100K VNĐ,4
12,0.0,508.0,Sách Việt Nam,200-500K VNĐ,2
10,0.0,640.0,Sách Việt Nam,100-200K VNĐ,3
10,0.0,572.0,Sách Việt Nam,200-500K VNĐ,2
13,0.0,526.0,Sách Việt Nam,200-500K VNĐ,2
9,0.0,675.0,Sách Việt Nam,200-500K VNĐ,2
4,0.0,840.0,Sách Việt Nam,>500K VNĐ,1
12,0.0,477.0,Sách Việt Nam,200-500K VNĐ,2
9,0.0,768.0,Sách Việt Nam,200-500K VNĐ,2
17,0.0,343.0,Sách Việt Nam,100-200K VNĐ,3
25,0.0,598.0,Sách Việt Nam,200-500K VNĐ,2
1,0.0,156.0,Sách Việt Nam,<50K VNĐ,5
14,0.0,192.0,Sách Việt Nam,50-100K VNĐ,4
14,0.0,816.0,Sách Việt Nam,200-500K VNĐ,2
15,0.0,632.0,Sách Việt Nam,200-500K VNĐ,2
8,0.0,255.0,Sách Việt Nam,50-100K VNĐ,4
5,0.0,351.0,Sách Việt Nam,100-200K VNĐ,3
3,0.0,632.0,Sách Việt Nam,200-500K VNĐ,2
4,0.0,514.0,Sách Việt Nam,100-200K VNĐ,3
81,0.0,2.0,Sách Việt Nam,<50K VNĐ,5
15,0.0,189.0,Sách Việt Nam,50-100K VNĐ,4
12,0.0,846.0,Sách Việt Nam,200-500K VNĐ,2
11,0.0,360.0,Sách Việt Nam,200-500K VNĐ,2
38,0.0,260.0,Sách Việt Nam,<50K VNĐ,5
11,0.0,612.0,Sách Việt Nam,200-500K VNĐ,2
8,0.0,520.0,Sách Việt Nam,200-500K VNĐ,2
1,0.0,511.0,Sách Việt Nam,100-200K VNĐ,3
16,0.0,824.0,Sách Việt Nam,200-500K VNĐ,2
0,0.0,144.0,Sách Việt Nam,<50K VNĐ,5
14,0.0,236.0,Sách Việt Nam,50-100K VNĐ,4
1,0.0,159.0,Sách Việt Nam,50-100K VNĐ,4
0,0.0,245.0,Sách Việt Nam,50-100K VNĐ,4
384,0.0,751.0,Sách Việt Nam,50-100K VNĐ,4
52,0.0,798.0,Sách Việt Nam,100-200K VNĐ,3
97,0.0,1605.0,Sách Việt Nam,100-200K VNĐ,3
77,0.0,840.0,Sách Việt Nam,200-500K VNĐ,2
290,5.0,1491.0,Sách Việt Nam,200-500K VNĐ,2
80,5.0,1570.0,Sách nước ngoài,200-500K VNĐ,2
297,0.0,160.0,Sách Việt Nam,100-200K VNĐ,3
87,0.0,256.0,Sách Việt Nam,100-200K VNĐ,3
69,0.0,1570.0,Sách Việt Nam,100-200K VNĐ,3
58,0.0,258.0,Sách Việt Nam,200-500K VNĐ,2
217,0.0,1126.0,Sách Việt Nam,50-100K VNĐ,4
37,0.0,838.0,Sách Việt Nam,100-200K VNĐ,3
16,0.0,1804.0,Sách Việt Nam,100-200K VNĐ,3
6,0.0,304.0,Sách Việt Nam,100-200K VNĐ,3
44,0.0,624.0,Sách Việt Nam,50-100K VNĐ,4
292,0.0,668.0,Sách Việt Nam,50-100K VNĐ,4
6,0.0,1263.0,Sách Việt Nam,100-200K VNĐ,3
7,0.0,1038.0,Sách Việt Nam,200-500K VNĐ,2
18,0.0,1007.0,Sách Việt Nam,100-200K VNĐ,3
37,0.0,1211.0,Sách Việt Nam,50-100K VNĐ,4
15,0.0,694.0,Sách nước ngoài,50-100K VNĐ,4
16,0.0,868.0,Sách Việt Nam,>500K VNĐ,1
29,0.0,1286.0,Sách Việt Nam,200-500K VNĐ,2
8,0.0,168.0,Sách Việt Nam,50-100K VNĐ,4
12,0.0,390.0,Sách Việt Nam,100-200K VNĐ,3
58,0.0,972.0,Sách Việt Nam,50-100K VNĐ,4
79,0.0,988.0,Sách Việt Nam,50-100K VNĐ,4
32,0.0,1211.0,Sách Việt Nam,50-100K VNĐ,4
17,0.0,352.0,Sách Việt Nam,50-100K VNĐ,4
14,0.0,360.0,Sách Việt Nam,200-500K VNĐ,2
6,0.0,144.0,Sách Việt Nam,50-100K VNĐ,4
0,0.0,916.0,Sách Việt Nam,50-100K VNĐ,4
3,0.0,635.0,Sách Việt Nam,50-100K VNĐ,4
6,0.0,1032.0,Sách Việt Nam,50-100K VNĐ,4
6,0.0,780.0,Sách Việt Nam,50-100K VNĐ,4
24,0.0,1570.0,Sách Việt Nam,200-500K VNĐ,2
175,0.0,1120.0,Sách Việt Nam,50-100K VNĐ,4
29,0.0,1062.0,Sách Việt Nam,100-200K VNĐ,3
2,0.0,909.0,Sách Việt Nam,50-100K VNĐ,4
2,0.0,928.0,Sách Việt Nam,200-500K VNĐ,2
5,0.0,128.0,Sách Việt Nam,50-100K VNĐ,4
0,0.0,959.0,Sách Việt Nam,200-500K VNĐ,2
6,0.0,1448.0,Sách Việt Nam,200-500K VNĐ,2
9,0.0,360.0,Sách Việt Nam,50-100K VNĐ,4
4,0.0,1264.0,Sách Việt Nam,100-200K VNĐ,3
1,0.0,1079.0,Sách Việt Nam,50-100K VNĐ,4
5,0.0,586.0,Sách Việt Nam,<50K VNĐ,5
12,0.0,495.0,Sách Việt Nam,50-100K VNĐ,4
13,0.0,56.0,Sách Việt Nam,100-200K VNĐ,3
1,0.0,586.0,Sách Việt Nam,<50K VNĐ,5
19,0.0,250.0,Sách Việt Nam,<50K VNĐ,5
340,0.0,751.0,Sách Việt Nam,50-100K VNĐ,4
3,0.0,1192.0,Sách Việt Nam,200-500K VNĐ,2
0,0.0,586.0,Sách Việt Nam,<50K VNĐ,5
0,0.0,1007.0,Sách Việt Nam,50-100K VNĐ,4
4,0.0,1116.0,Sách Việt Nam,100-200K VNĐ,3
0,0.0,1318.0,Sách Việt Nam,50-100K VNĐ,4
0,0.0,349.0,Sách Việt Nam,<50K VNĐ,5
6,0.0,1040.0,Sách Việt Nam,200-500K VNĐ,2
0,0.0,1142.0,Sách Việt Nam,50-100K VNĐ,4
28,0.0,534.0,Sách Việt Nam,200-500K VNĐ,2
11,0.0,1152.0,Sách nước ngoài,100-200K VNĐ,3
7,0.0,1648.0,Sách Việt Nam,200-500K VNĐ,2
1,0.0,951.0,Sách Việt Nam,100-200K VNĐ,3
12,0.0,296.0,Sách Việt Nam,50-100K VNĐ,4
0,0.0,1211.0,Sách Việt Nam,50-100K VNĐ,4
3,0.0,1648.0,Sách Việt Nam,200-500K VNĐ,2
28,0.0,1296.0,Sách Việt Nam,100-200K VNĐ,3
0,0.0,751.0,Sách Việt Nam,50-100K VNĐ,4
1,0.0,2416.0,Sách Việt Nam,>500K VNĐ,1
2,0.0,1211.0,Sách Việt Nam,50-100K VNĐ,4
5,0.0,1610.0,Sách Việt Nam,100-200K VNĐ,3
4,0.0,1210.0,Sách Việt Nam,50-100K VNĐ,4
26,0.0,790.0,Sách Việt Nam,50-100K VNĐ,4
0,0.0,952.0,Sách Việt Nam,100-200K VNĐ,3
1,0.0,1317.0,Sách nước ngoài,100-200K VNĐ,3
0,0.0,704.0,Sách Việt Nam,50-100K VNĐ,4
3,0.0,959.0,Sách Việt Nam,50-100K VNĐ,4
0,0.0,920.0,Sách Việt Nam,100-200K VNĐ,3
1,0.0,960.0,Sách Việt Nam,50-100K VNĐ,4
2,0.0,951.0,Sách Việt Nam,100-200K VNĐ,3
41,0.0,825.0,Sách Việt Nam,50-100K VNĐ,4
18,0.0,976.0,Sách Việt Nam,200-500K VNĐ,2
4,0.0,236.0,Sách Việt Nam,100-200K VNĐ,3
13,0.0,1570.0,Sách Việt Nam,200-500K VNĐ,2
3,0.0,1436.0,Sách Việt Nam,100-200K VNĐ,3
2,0.0,32.0,Sách Việt Nam,50-100K VNĐ,4
5,0.0,408.0,Sách Việt Nam,50-100K VNĐ,4
4,0.0,696.0,Sách Việt Nam,50-100K VNĐ,4
9,0.0,472.0,Sách Việt Nam,50-100K VNĐ,4
7,0.0,1080.0,Sách Việt Nam,>500K VNĐ,1
54,0.0,56.0,Sách Việt Nam,50-100K VNĐ,4
170,0.0,208.0,Sách Việt Nam,100-200K VNĐ,3
12,0.0,100.0,Sách Việt Nam,200-500K VNĐ,2
13,0.0,226.0,Sách Việt Nam,200-500K VNĐ,2
7,0.0,56.0,Sách Việt Nam,50-100K VNĐ,4
41,0.0,95.0,Sách Việt Nam,50-100K VNĐ,4
74,0.0,48.0,Sách Việt Nam,50-100K VNĐ,4
59,0.0,124.0,Sách Việt Nam,100-200K VNĐ,3
48,0.0,64.0,Sách Việt Nam,50-100K VNĐ,4
25,0.0,160.0,Sách Việt Nam,100-200K VNĐ,3
18,0.0,100.0,Sách Việt Nam,200-500K VNĐ,2
49,0.0,152.0,Sách Việt Nam,50-100K VNĐ,4
91,0.0,152.0,Sách Việt Nam,100-200K VNĐ,3
61,0.0,152.0,Sách Việt Nam,100-200K VNĐ,3
62,0.0,102.0,Sách Việt Nam,50-100K VNĐ,4
38,0.0,116.0,Sách Việt Nam,100-200K VNĐ,3
35,0.0,120.0,Sách Việt Nam,100-200K VNĐ,3
35,0.0,64.0,Sách Việt Nam,50-100K VNĐ,4
46,0.0,119.0,Sách Việt Nam,100-200K VNĐ,3
31,0.0,207.0,Sách Việt Nam,100-200K VNĐ,3
20,0.0,144.0,Sách Việt Nam,100-200K VNĐ,3
6,0.0,307.0,Sách Việt Nam,200-500K VNĐ,2
2,0.0,367.0,Sách Việt Nam,200-500K VNĐ,2
89,0.0,143.0,Sách Việt Nam,100-200K VNĐ,3
13,0.0,40.0,Sách Việt Nam,50-100K VNĐ,4
12,0.0,40.0,Sách Việt Nam,50-100K VNĐ,4
11,0.0,90.0,Sách Việt Nam,50-100K VNĐ,4
7,0.0,120.0,Sách Việt Nam,100-200K VNĐ,3
3,0.0,48.0,Sách Việt Nam,50-100K VNĐ,4
7,0.0,844.0,Sách Việt Nam,>500K VNĐ,1
5,0.0,348.0,Sách Việt Nam,200-500K VNĐ,2
7,0.0,127.0,Sách Việt Nam,100-200K VNĐ,3
1,0.0,216.0,Sách Việt Nam,>500K VNĐ,1
20,0.0,159.0,Sách Việt Nam,<50K VNĐ,5
11,0.0,168.0,Sách Việt Nam,100-200K VNĐ,3
0,0.0,104.0,Sách Việt Nam,50-100K VNĐ,4
1,0.0,104.0,Sách Việt Nam,50-100K VNĐ,4
81,0.0,64.0,Sách Việt Nam,50-100K VNĐ,4
24,0.0,120.0,Sách Việt Nam,100-200K VNĐ,3
13,0.0,107.0,Sách Việt Nam,<50K VNĐ,5
19,0.0,143.0,Sách Việt Nam,100-200K VNĐ,3
16,0.0,40.0,Sách Việt Nam,<50K VNĐ,5
2,0.0,70.0,Sách Việt Nam,100-200K VNĐ,3
57,0.0,36.0,Sách Việt Nam,<50K VNĐ,5
24,0.0,112.0,Sách Việt Nam,100-200K VNĐ,3
9,0.0,228.0,Sách Việt Nam,100-200K VNĐ,3
1,0.0,47.0,Sách Việt Nam,<50K VNĐ,5
6,0.0,108.0,Sách Việt Nam,<50K VNĐ,5
9,0.0,36.0,Sách Việt Nam,<50K VNĐ,5
4,0.0,121.0,Sách Việt Nam,<50K VNĐ,5
3,0.0,103.0,Sách Việt Nam,50-100K VNĐ,4
3,0.0,154.0,Sách Việt Nam,200-500K VNĐ,2
56,0.0,152.0,Sách Việt Nam,100-200K VNĐ,3
4,0.0,396.0,Sách Việt Nam,200-500K VNĐ,2
24,0.0,64.0,Sách Việt Nam,50-100K VNĐ,4
39,0.0,304.0,Sách Việt Nam,200-500K VNĐ,2
4,0.0,260.0,Sách Việt Nam,100-200K VNĐ,3
1,0.0,176.0,Sách Việt Nam,100-200K VNĐ,3
19,0.0,80.0,Sách Việt Nam,100-200K VNĐ,3
2,0.0,120.0,Sách Việt Nam,50-100K VNĐ,4
3,0.0,116.0,Sách Việt Nam,50-100K VNĐ,4
9,0.0,64.0,Sách Việt Nam,50-100K VNĐ,4
11,0.0,80.0,Sách Việt Nam,100-200K VNĐ,3
25,0.0,144.0,Sách Việt Nam,100-200K VNĐ,3
7,0.0,183.0,Sách Việt Nam,100-200K VNĐ,3
16,0.0,96.0,Sách Việt Nam,50-100K VNĐ,4
19,0.0,428.0,Sách Việt Nam,200-500K VNĐ,2
6,5.0,448.0,Sách Việt Nam,100-200K VNĐ,3
33,0.0,191.0,Sách Việt Nam,100-200K VNĐ,3
59,0.0,295.0,Sách Việt Nam,100-200K VNĐ,3
30,0.0,136.0,Sách Việt Nam,100-200K VNĐ,3
66,0.0,375.0,Sách Việt Nam,100-200K VNĐ,3
27,0.0,158.0,Sách Việt Nam,100-200K VNĐ,3
19,0.0,504.0,Sách Việt Nam,200-500K VNĐ,2
12,0.0,276.0,Sách Việt Nam,100-200K VNĐ,3
203,0.0,448.0,Sách Việt Nam,200-500K VNĐ,2
103,0.0,306.0,Sách Việt Nam,100-200K VNĐ,3
14,0.0,346.0,Sách Việt Nam,100-200K VNĐ,3
7,0.0,320.0,Sách Việt Nam,100-200K VNĐ,3
19,0.0,254.0,Sách Việt Nam,100-200K VNĐ,3
10,0.0,252.0,Sách Việt Nam,200-500K VNĐ,2
22,0.0,512.0,Sách Việt Nam,200-500K VNĐ,2
4,5.0,264.0,Sách Việt Nam,100-200K VNĐ,3
4,5.0,203.0,Sách Việt Nam,100-200K VNĐ,3
19,0.0,383.0,Sách Việt Nam,100-200K VNĐ,3
69,0.0,224.0,Sách Việt Nam,200-500K VNĐ,2
5,0.0,184.0,Sách Việt Nam,200-500K VNĐ,2
8,0.0,286.0,Sách Việt Nam,50-100K VNĐ,4
21,0.0,456.0,Sách Việt Nam,200-500K VNĐ,2
14,5.0,106.0,Sách Việt Nam,<50K VNĐ,5
99,0.0,252.0,Sách Việt Nam,50-100K VNĐ,4
9,0.0,146.0,Sách Việt Nam,<50K VNĐ,5
70,0.0,63.0,Sách Việt Nam,50-100K VNĐ,4
17,0.0,560.0,Sách Việt Nam,200-500K VNĐ,2
17,4.75,208.0,Sách Việt Nam,50-100K VNĐ,4
4,0.0,332.0,Sách Việt Nam,100-200K VNĐ,3
2,0.0,96.0,Sách Việt Nam,50-100K VNĐ,4
6,0.0,168.0,Sách Việt Nam,100-200K VNĐ,3
0,5.0,203.0,Sách Việt Nam,100-200K VNĐ,3
5,0.0,103.0,Sách Việt Nam,50-100K VNĐ,4
3,0.0,540.0,Sách Việt Nam,200-500K VNĐ,2
9,0.0,112.0,Sách Việt Nam,<50K VNĐ,5
3,0.0,408.0,Sách Việt Nam,100-200K VNĐ,3
11,0.0,159.0,Sách Việt Nam,50-100K VNĐ,4
0,0.0,177.0,Sách Việt Nam,50-100K VNĐ,4
8,0.0,159.0,Sách Việt Nam,50-100K VNĐ,4
0,0.0,230.0,Sách Việt Nam,100-200K VNĐ,3
2,0.0,68.0,Sách Việt Nam,50-100K VNĐ,4
18,0.0,198.0,Sách Việt Nam,200-500K VNĐ,2
0,0.0,236.0,Sách Việt Nam,100-200K VNĐ,3
11,0.0,96.0,Sách Việt Nam,100-200K VNĐ,3
15,0.0,170.0,Sách Việt Nam,100-200K VNĐ,3
14,0.0,125.0,Sách Việt Nam,50-100K VNĐ,4
5,4.5,72.0,Sách Việt Nam,100-200K VNĐ,3
1,0.0,104.0,Sách Việt Nam,50-100K VNĐ,4
4,4.0,72.0,Sách Việt Nam,100-200K VNĐ,3
7,0.0,120.0,Sách Việt Nam,50-100K VNĐ,4
4,0.0,108.0,Sách Việt Nam,<50K VNĐ,5
1,0.0,87.0,Sách Việt Nam,<50K VNĐ,5
26,0.0,312.0,Sách Việt Nam,100-200K VNĐ,3
15,0.0,300.0,Sách Việt Nam,200-500K VNĐ,2
2,4.0,332.0,Sách Việt Nam,50-100K VNĐ,4
48,0.0,292.0,Sách Việt Nam,100-200K VNĐ,3
15,0.0,204.0,Sách Việt Nam,100-200K VNĐ,3
3,0.0,111.0,Sách Việt Nam,<50K VNĐ,5
2,0.0,96.0,Sách Việt Nam,100-200K VNĐ,3
3,0.0,111.0,Sách Việt Nam,<50K VNĐ,5
14,0.0,415.0,Sách Việt Nam,200-500K VNĐ,2
4,0.0,111.0,Sách Việt Nam,<50K VNĐ,5
13,0.0,160.0,Sách Việt Nam,50-100K VNĐ,4
8,0.0,248.0,Sách Việt Nam,50-100K VNĐ,4
4,0.0,111.0,Sách Việt Nam,<50K VNĐ,5
5,0.0,111.0,Sách Việt Nam,<50K VNĐ,5
27,0.0,232.0,Sách Việt Nam,100-200K VNĐ,3
0,0.0,184.0,Sách Việt Nam,100-200K VNĐ,3
14,0.0,79.0,Sách Việt Nam,<50K VNĐ,5
10,0.0,159.0,Sách Việt Nam,50-100K VNĐ,4
18,0.0,124.0,Sách Việt Nam,<50K VNĐ,5
19,0.0,159.0,Sách Việt Nam,50-100K VNĐ,4
6,5.0,160.0,Sách Việt Nam,<50K VNĐ,5
64,0.0,120.0,Sách Việt Nam,50-100K VNĐ,4
48,0.0,159.0,Sách Việt Nam,<50K VNĐ,5
2,0.0,179.0,Sách Việt Nam,200-500K VNĐ,2
860,0.0,555.0,Sách Việt Nam,200-500K VNĐ,2
272,0.0,444.0,Sách Việt Nam,200-500K VNĐ,2
257,0.0,88.0,Sách Việt Nam,<50K VNĐ,5
429,0.0,1.0,Sách Việt Nam,<50K VNĐ,5
48,0.0,439.0,Sách Việt Nam,50-100K VNĐ,4
129,0.0,272.0,Sách Việt Nam,<50K VNĐ,5
2,0.0,1151.0,Sách Việt Nam,>500K VNĐ,1
11,0.0,560.0,Sách Việt Nam,100-200K VNĐ,3
7,0.0,204.0,Sách Việt Nam,50-100K VNĐ,4
5,0.0,362.0,Sách Việt Nam,200-500K VNĐ,2
172,0.0,496.0,Sách Việt Nam,50-100K VNĐ,4
4,0.0,172.0,Sách Việt Nam,50-100K VNĐ,4
31,0.0,312.0,Sách Việt Nam,100-200K VNĐ,3
4,0.0,204.0,Sách Việt Nam,100-200K VNĐ,3
10,0.0,268.0,Sách Việt Nam,100-200K VNĐ,3
2,0.0,312.0,Sách Việt Nam,100-200K VNĐ,3
0,0.0,520.0,Sách Việt Nam,200-500K VNĐ,2
10,0.0,480.0,Sách Việt Nam,100-200K VNĐ,3
0,0.0,282.0,Sách Việt Nam,100-200K VNĐ,3
3,0.0,624.0,Sách Việt Nam,100-200K VNĐ,3
3,0.0,263.0,Sách Việt Nam,50-100K VNĐ,4
1,0.0,536.0,Sách Việt Nam,100-200K VNĐ,3
4,0.0,340.0,Sách Việt Nam,50-100K VNĐ,4
1,0.0,166.0,Sách Việt Nam,50-100K VNĐ,4
1300,0.0,50.0,Sách Việt Nam,<50K VNĐ,5
215,0.0,50.0,Sách Việt Nam,<50K VNĐ,5
785,0.0,50.0,Sách Việt Nam,<50K VNĐ,5
114,0.0,164.0,Sách Việt Nam,<50K VNĐ,5
789,0.0,50.0,Sách Việt Nam,<50K VNĐ,5
41,0.0,216.0,Sách Việt Nam,<50K VNĐ,5
2800,0.0,50.0,Sách Việt Nam,<50K VNĐ,5
1500,0.0,50.0,Sách Việt Nam,<50K VNĐ,5
16,0.0,128.0,Sách Việt Nam,50-100K VNĐ,4
15,0.0,152.0,Sách Việt Nam,50-100K VNĐ,4
4,0.0,152.0,Sách Việt Nam,50-100K VNĐ,4
3,0.0,150.0,Sách Việt Nam,<50K VNĐ,5
5,0.0,150.0,Sách Việt Nam,<50K VNĐ,5
10,0.0,50.0,Sách Việt Nam,<50K VNĐ,5
9,0.0,50.0,Sách Việt Nam,<50K VNĐ,5
12,0.0,50.0,Sách Việt Nam,<50K VNĐ,5
3,0.0,50.0,Sách Việt Nam,<50K VNĐ,5
10,0.0,50.0,Sách Việt Nam,<50K VNĐ,5
11,0.0,152.0,Sách Việt Nam,50-100K VNĐ,4
13,0.0,50.0,Sách Việt Nam,<50K VNĐ,5
7,0.0,150.0,Sách Việt Nam,<50K VNĐ,5
19,0.0,50.0,Sách Việt Nam,<50K VNĐ,5
3,0.0,176.0,Sách Việt Nam,200-500K VNĐ,2
8,0.0,78.0,Sách Việt Nam,50-100K VNĐ,4
22,0.0,50.0,Sách Việt Nam,<50K VNĐ,5
30,0.0,50.0,Sách Việt Nam,<50K VNĐ,5
29,0.0,50.0,Sách Việt Nam,<50K VNĐ,5
2,0.0,54.0,Sách Việt Nam,100-200K VNĐ,3
20,0.0,100.0,Sách Việt Nam,<50K VNĐ,5
7,0.0,58.0,Sách Việt Nam,100-200K VNĐ,3
8,0.0,52.0,Sách Việt Nam,100-200K VNĐ,3
10,0.0,92.0,Sách Việt Nam,50-100K VNĐ,4
18,0.0,100.0,Sách Việt Nam,<50K VNĐ,5
9,0.0,65.0,Sách Việt Nam,<50K VNĐ,5
8,0.0,50.0,Sách Việt Nam,<50K VNĐ,5
5,0.0,50.0,Sách Việt Nam,<50K VNĐ,5
5,0.0,52.0,Sách Việt Nam,100-200K VNĐ,3
8,0.0,50.0,Sách Việt Nam,<50K VNĐ,5
6,0.0,150.0,Sách Việt Nam,<50K VNĐ,5
6,0.0,50.0,Sách Việt Nam,<50K VNĐ,5
6,0.0,100.0,Sách Việt Nam,100-200K VNĐ,3
5,0.0,150.0,Sách Việt Nam,<50K VNĐ,5
8,0.0,142.0,Sách Việt Nam,100-200K VNĐ,3
20,0.0,50.0,Sách Việt Nam,<50K VNĐ,5
6,0.0,150.0,Sách Việt Nam,<50K VNĐ,5
1,0.0,47.0,Sách Việt Nam,100-200K VNĐ,3
13,0.0,100.0,Sách Việt Nam,<50K VNĐ,5
0,0.0,150.0,Sách Việt Nam,<50K VNĐ,5
0,0.0,66.0,Sách Việt Nam,<50K VNĐ,5
10,0.0,100.0,Sách Việt Nam,<50K VNĐ,5
14,0.0,50.0,Sách Việt Nam,<50K VNĐ,5
4,0.0,52.0,Sách Việt Nam,100-200K VNĐ,3
12,0.0,50.0,Sách Việt Nam,<50K VNĐ,5
10,0.0,50.0,Sách Việt Nam,<50K VNĐ,5
33,0.0,50.0,Sách Việt Nam,<50K VNĐ,5
16,0.0,150.0,Sách Việt Nam,<50K VNĐ,5
13,0.0,150.0,Sách Việt Nam,<50K VNĐ,5
8,0.0,52.0,Sách Việt Nam,100-200K VNĐ,3
10,0.0,150.0,Sách Việt Nam,<50K VNĐ,5
22,5.0,100.0,Sách Việt Nam,<50K VNĐ,5
28,0.0,100.0,Sách Việt Nam,<50K VNĐ,5
